location,year,tempmax_01,tempmax_02,tempmax_03,tempmax_04,tempmax_05,tempmax_06,tempmax_07,tempmax_08,tempmax_09,tempmax_10,tempmax_11,tempmax_12,tempmin_01,tempmin_02,tempmin_03,tempmin_04,tempmin_05,tempmin_06,tempmin_07,tempmin_08,tempmin_09,tempmin_10,tempmin_11,tempmin_12,temp_01,temp_02,temp_03,temp_04,temp_05,temp_06,temp_07,temp_08,temp_09,temp_10,temp_11,temp_12,dew_01,dew_02,dew_03,dew_04,dew_05,dew_06,dew_07,dew_08,dew_09,dew_10,dew_11,dew_12,humidity_01,humidity_02,humidity_03,humidity_04,humidity_05,humidity_06,humidity_07,humidity_08,humidity_09,humidity_10,humidity_11,humidity_12,precip_01,precip_02,precip_03,precip_04,precip_05,precip_06,precip_07,precip_08,precip_09,precip_10,precip_11,precip_12,precipprob_01,precipprob_02,precipprob_03,precipprob_04,precipprob_05,precipprob_06,precipprob_07,precipprob_08,precipprob_09,precipprob_10,precipprob_11,precipprob_12,precipcover_01,precipcover_02,precipcover_03,precipcover_04,precipcover_05,precipcover_06,precipcover_07,precipcover_08,precipcover_09,precipcover_10,precipcover_11,precipcover_12,snowdepth_01,snowdepth_02,snowdepth_03,snowdepth_04,snowdepth_05,snowdepth_06,snowdepth_07,snowdepth_08,snowdepth_09,snowdepth_10,snowdepth_11,snowdepth_12,windgust_01,windgust_02,windgust_03,windgust_04,windgust_05,windgust_06,windgust_07,windgust_08,windgust_09,windgust_10,windgust_11,windgust_12,windspeed_01,windspeed_02,windspeed_03,windspeed_04,windspeed_05,windspeed_06,windspeed_07,windspeed_08,windspeed_09,windspeed_10,windspeed_11,windspeed_12,windspeedmax_01,windspeedmax_02,windspeedmax_03,windspeedmax_04,windspeedmax_05,windspeedmax_06,windspeedmax_07,windspeedmax_08,windspeedmax_09,windspeedmax_10,windspeedmax_11,windspeedmax_12,windspeedmean_01,windspeedmean_02,windspeedmean_03,windspeedmean_04,windspeedmean_05,windspeedmean_06,windspeedmean_07,windspeedmean_08,windspeedmean_09,windspeedmean_10,windspeedmean_11,windspeedmean_12,windspeedmin_01,windspeedmin_02,windspeedmin_03,windspeedmin_04,windspeedmin_05,windspeedmin_06,windspeedmin_07,windspeedmin_08,windspeedmin_09,windspeedmin_10,windspeedmin_11,windspeedmin_12,sealevelpressure_01,sealevelpressure_02,sealevelpressure_03,sealevelpressure_04,sealevelpressure_05,sealevelpressure_06,sealevelpressure_07,sealevelpressure_08,sealevelpressure_09,sealevelpressure_10,sealevelpressure_11,sealevelpressure_12,cloudcover_01,cloudcover_02,cloudcover_03,cloudcover_04,cloudcover_05,cloudcover_06,cloudcover_07,cloudcover_08,cloudcover_09,cloudcover_10,cloudcover_11,cloudcover_12,solarradiation_01,solarradiation_02,solarradiation_03,solarradiation_04,solarradiation_05,solarradiation_06,solarradiation_07,solarradiation_08,solarradiation_09,solarradiation_10,solarradiation_11,solarradiation_12,solarenergy_01,solarenergy_02,solarenergy_03,solarenergy_04,solarenergy_05,solarenergy_06,solarenergy_07,solarenergy_08,solarenergy_09,solarenergy_10,solarenergy_11,solarenergy_12,uvindex_01,uvindex_02,uvindex_03,uvindex_04,uvindex_05,uvindex_06,uvindex_07,uvindex_08,uvindex_09,uvindex_10,uvindex_11,uvindex_12,day_length_01,day_length_02,day_length_03,day_length_04,day_length_05,day_length_06,day_length_07,day_length_08,day_length_09,day_length_10,day_length_11,day_length_12
"39.7175,140.9033333",2000,2.9096774193548387,1.903448275862069,5.103225806451612,12.246666666666666,19.970967741935485,24.02,27.799999999999997,30.25483870967742,23.82,17.65806451612903,9.843333333333334,3.5064516129032257,-2.8774193548387097,-4.162068965517242,-2.0548387096774197,3.4566666666666666,11.154838709677419,15.146666666666667,19.961290322580645,20.94516129032258,16.413333333333334,7.496774193548387,2.1866666666666665,-3.032258064516129,-0.029032258064516075,-1.0724137931034483,1.558064516129032,7.8933333333333335,15.36774193548387,19.446666666666665,23.612903225806452,25.103225806451615,20.023333333333333,12.348387096774195,5.819999999999999,0.10967741935483873,-3.5290322580645164,-5.841379310344828,-3.6258064516129034,2.0433333333333334,10.470967741935485,14.186666666666667,19.76451612903226,20.15806451612903,16.48,7.703225806451614,1.0866666666666667,-4.922580645161291,78.66129032258064,71.53793103448275,70.28709677419356,69.39666666666668,74.97419354838709,73.72,80.19677419354838,75.48064516129033,81.36999999999999,75.45483870967742,73.59333333333333,70.28064516129032,4.330516129032258,3.1200689655172416,4.5845161290322585,6.163033333333333,5.972290322580645,3.2991333333333333,6.767645161290322,2.3584516129032256,7.8267,2.0990967741935487,4.546633333333333,2.955516129032258,100.0,96.55172413793103,90.3225806451613,80.0,77.41935483870968,70.0,83.87096774193549,74.19354838709677,86.66666666666667,77.41935483870968,93.33333333333333,96.7741935483871,7.92741935483871,8.042758620689655,7.121290322580645,5.4159999999999995,5.107096774193548,4.583,5.7787096774193545,4.569999999999999,6.11,4.838709677419355,6.526666666666667,7.658709677419355,,3.0,,,,,,,,,,,,,,,,,,,,,,,19.161290322580644,20.120689655172413,26.674193548387095,25.209999999999997,20.951612903225808,18.573333333333334,19.074193548387097,18.496774193548386,18.43,17.309677419354838,18.009999999999998,23.016129032258064,19.161290322580644,20.120689655172413,26.674193548387095,25.209999999999997,20.951612903225808,18.573333333333334,19.074193548387097,18.496774193548386,18.43,17.309677419354838,18.009999999999998,23.016129032258064,9.990322580645161,10.806896551724137,14.238709677419354,14.1,11.438709677419356,10.176666666666668,10.141935483870967,10.480645161290322,9.956666666666667,9.061290322580644,9.7,12.074193548387097,3.403225806451613,3.9344827586206894,5.309677419354839,4.713333333333334,3.835483870967742,3.4466666666666668,3.4193548387096775,3.6903225806451614,3.18,3.212903225806452,3.1300000000000003,4.335483870967742,1017.0290322580646,1010.3379310344827,1010.5903225806452,1010.09,1010.6806451612903,1007.91,1007.1774193548387,1010.7967741935485,1011.39,1016.9806451612903,1019.9633333333333,1015.4709677419354,77.68064516129031,79.53103448275863,78.23225806451612,74.7,76.42903225806452,76.79333333333334,78.48064516129033,69.40967741935484,81.37666666666668,69.12258064516129,75.48666666666666,75.02258064516128,,,,,,,,,,,,,,,,,,,,,,,,,,,,,,,,,,,,,34936.45161290323,38493.44827586207,43059.74193548387,47758.4,51737.8064516129,53758.63333333333,52769.290322580644,49301.74193548387,44815.7,40140.87096774193,36028.9,33882.93548387097
"39.7175,140.9033333",2001,-0.48709677419354835,0.8785714285714284,6.529032258064516,16.336666666666666,19.870967741935484,21.98,27.551612903225806,26.98709677419355,23.959999999999997,17.438709677419357,10.573333333333332,2.0580645161290323,-6.635483870967741,-6.146428571428571,-1.506451612903226,4.323333333333333,10.09032258064516,14.05,19.687096774193545,19.76774193548387,15.486666666666668,8.14516129032258,1.6033333333333333,-3.238709677419355,-3.570967741935484,-2.417857142857143,2.467741935483871,10.24,14.887096774193548,18.06,23.348387096774193,23.351612903225806,20.06,12.580645161290322,5.9,-0.6774193548387096,-7.593548387096774,-7.4750000000000005,-3.8741935483870966,1.4200000000000002,8.851612903225806,13.620000000000001,19.29032258064516,18.94516129032258,15.156666666666666,8.806451612903226,1.6400000000000001,-5.435483870967742,74.70322580645161,69.46428571428571,65.88064516129032,58.11666666666667,70.00322580645161,76.95,79.37096774193549,77.79032258064517,74.82333333333332,79.68387096774192,76.03333333333333,71.66774193548386,2.940612903225807,1.6338214285714285,3.7061290322580644,1.2680666666666667,3.4479354838709675,4.348033333333333,7.3058387096774196,4.684612903225806,4.84,4.009193548387096,3.2125,2.0306451612903227,100.0,100.0,87.09677419354838,66.66666666666667,70.96774193548387,80.0,80.64516129032258,70.96774193548387,66.66666666666667,77.41935483870968,86.66666666666667,96.7741935483871,8.195806451612903,8.032857142857143,6.315806451612903,4.166666666666667,4.301290322580646,5.4159999999999995,5.7783870967741935,4.838064516129032,4.0280000000000005,5.3754838709677415,6.248666666666667,7.792903225806452,,,,,,,,,,,,,,,,,,,,,,,,,20.112903225806452,21.582142857142856,21.73225806451613,24.576666666666664,21.200000000000003,19.78666666666667,18.46451612903226,17.519354838709678,16.426666666666666,17.103225806451615,17.69,19.532258064516128,20.112903225806452,21.582142857142856,21.73225806451613,24.576666666666664,21.200000000000003,19.78666666666667,18.46451612903226,17.519354838709678,16.426666666666666,17.103225806451615,17.69,19.532258064516128,10.912903225806453,12.310714285714285,12.45483870967742,13.1,12.303225806451612,11.503333333333334,10.358064516129033,10.458064516129031,9.896666666666667,8.874193548387098,9.066666666666666,10.429032258064517,4.254838709677419,4.6499999999999995,4.483870967741935,3.86,4.532258064516129,4.513333333333334,3.512903225806452,4.325806451612903,4.3933333333333335,2.6129032258064515,2.73,4.274193548387097,1013.3548387096774,1016.3464285714286,1009.0419354838709,1013.62,1010.3419354838709,1007.4133333333334,1008.4483870967742,1009.9064516129032,1013.49,1016.9774193548387,1015.5066666666667,1017.1612903225806,81.8225806451613,78.70357142857142,75.13548387096773,66.81333333333333,74.18064516129031,81.71666666666667,78.53870967741935,73.59677419354838,73.59,69.36774193548388,68.36999999999999,76.52580645161291,,,,,,,,,,,,,,,,,,,,,,,,,,,,,,,,,,,,,35001.645161290326,38527.71428571428,43021.83870967742,47722.8,51712.22580645161,53754.433333333334,52788.8064516129,49334.93548387097,44853.0,40177.032258064515,36056.03333333333,33887.6129032258
"39.7175,140.9033333",2002,2.47741935483871,4.021428571428571,8.083870967741936,16.59,18.387096774193548,22.029999999999998,26.60967741935484,26.16774193548387,23.446666666666665,16.65806451612903,6.426666666666667,2.9064516129032256,-3.9419354838709677,-3.810714285714286,0.16774193548387092,5.213333333333334,8.525806451612903,13.360000000000001,19.90967741935484,19.64516129032258,14.733333333333333,8.864516129032259,-0.26999999999999996,-3.403225806451613,-0.7387096774193548,0.08571428571428574,4.161290322580645,10.82,13.616129032258065,17.776666666666664,22.967741935483872,22.65806451612903,18.736666666666668,12.561290322580644,3.046666666666667,-0.27419354838709675,-4.348387096774194,-4.764285714285714,-1.5290322580645161,2.9833333333333334,7.903225806451613,12.57,19.770967741935483,19.725806451612904,14.873333333333333,9.087096774193547,-0.23,-4.883870967741935,77.6774193548387,71.75714285714285,69.07096774193548,62.666666666666664,71.54193548387097,73.65,83.30000000000001,84.43870967741935,79.85666666666665,80.89354838709677,80.26333333333334,72.38064516129033,3.9264516129032256,1.782857142857143,4.890032258064516,2.0207666666666664,3.9690322580645163,2.2383333333333337,12.510129032258066,12.083064516129031,3.4867333333333335,4.829032258064516,4.8537,1.0775806451612904,93.54838709677419,89.28571428571429,83.87096774193549,63.333333333333336,70.96774193548387,83.33333333333333,90.3225806451613,90.3225806451613,40.0,51.61290322580645,90.0,58.064516129032256,6.9874193548387105,6.843214285714287,6.449677419354838,4.582333333333334,5.106451612903226,5.555000000000001,6.852903225806451,6.718709677419355,2.5,3.4941935483870967,6.526333333333333,3.763225806451613,24.0,,,,,,,,,,,,,,,,,,,,,,,,18.44516129032258,17.65,22.716129032258067,23.863333333333333,20.812903225806455,19.553333333333335,18.200000000000003,18.070967741935487,16.37666666666667,18.541935483870965,19.43,19.12258064516129,18.44516129032258,17.65,22.716129032258067,23.863333333333333,20.812903225806455,19.553333333333335,18.200000000000003,18.070967741935487,16.37666666666667,18.541935483870965,19.43,19.12258064516129,10.087096774193547,9.671428571428573,12.116129032258065,13.129999999999999,11.138709677419355,11.68,9.983870967741936,10.019354838709678,8.913333333333332,10.04516129032258,10.116666666666667,9.919354838709678,3.635483870967742,3.2607142857142857,3.7580645161290325,4.3533333333333335,3.2096774193548385,4.236666666666666,3.5870967741935487,3.609677419354839,2.99,4.109677419354839,3.8766666666666665,3.370967741935484,1010.7516129032258,1016.0678571428572,1012.0032258064516,1015.08,1011.7451612903226,1008.3199999999999,1007.5870967741936,1009.2967741935485,1013.98,1014.5096774193548,1013.6166666666667,1018.5548387096775,77.7290322580645,73.53928571428571,76.66129032258064,72.72,75.11612903225806,76.24333333333334,86.60967741935484,83.78709677419356,74.21666666666667,72.6032258064516,77.83,77.44193548387096,,,,,,,,,,,,,,,,,,,,,,,,,,,,,,,,,,,,,34980.096774193546,38492.71428571428,42983.8064516129,47687.166666666664,51686.709677419356,53749.9,52808.096774193546,49367.967741935485,44890.066666666666,40213.032258064515,36083.166666666664,33892.48387096774
"39.7175,140.9033333",2003,1.0548387096774194,2.682142857142857,6.019354838709678,14.366666666666667,20.700000000000003,23.19333333333333,22.480645161290322,25.283870967741933,22.69,17.154838709677417,11.879999999999999,5.838709677419355,-5.251612903225807,-4.003571428571428,-2.264516129032258,4.29,9.983870967741936,15.296666666666665,16.380645161290325,19.212903225806453,15.033333333333333,7.145161290322581,3.0866666666666664,0.7290322580645162,-1.9903225806451614,-0.725,1.8741935483870968,9.346666666666666,15.19032258064516,19.02,19.141935483870967,21.9741935483871,18.740000000000002,11.925806451612903,7.3,3.0935483870967744,-5.764516129032257,-5.439285714285715,-4.077419354838709,3.2266666666666666,8.438709677419356,13.993333333333334,15.561290322580644,18.59032258064516,14.836666666666668,7.109677419354839,2.86,-1.7354838709677418,76.35806451612903,72.16071428571429,67.03870967741935,68.98,66.60967741935484,74.52333333333333,80.5516129032258,81.89032258064516,79.33666666666666,74.2741935483871,75.02666666666667,72.0516129032258,3.633870967741936,1.3356071428571428,1.421483870967742,3.780266666666667,1.0654193548387096,3.2583333333333333,6.213483870967742,8.180032258064516,4.0858,2.574193548387097,2.8913333333333333,2.192483870967742,90.3225806451613,60.714285714285715,48.38709677419355,36.666666666666664,32.25806451612903,40.0,48.38709677419355,64.51612903225806,56.666666666666664,54.83870967741935,43.333333333333336,80.64516129032258,6.047741935483871,3.274642857142857,3.2254838709677416,2.2223333333333333,1.3451612903225807,2.916,2.6887096774193546,3.6296774193548385,3.195,3.0919354838709676,2.3616666666666664,5.10741935483871,,10.0,,,,,,,,,,,,,,,,,,,,,,,20.425806451612903,17.942857142857143,22.780645161290323,22.583333333333332,22.506451612903227,19.56,18.53548387096774,17.700000000000003,19.220000000000002,18.72258064516129,17.446666666666665,22.467741935483872,20.425806451612903,17.942857142857143,22.780645161290323,22.583333333333332,22.506451612903227,19.56,18.53548387096774,17.700000000000003,19.220000000000002,18.72258064516129,17.446666666666665,22.467741935483872,11.067741935483872,9.585714285714285,12.403225806451612,12.57,12.52258064516129,11.633333333333333,11.238709677419354,10.077419354838709,10.283333333333333,9.458064516129031,9.6,12.051612903225807,4.203225806451614,3.664285714285714,4.287096774193548,4.243333333333333,4.448387096774193,4.366666666666666,4.748387096774193,3.7225806451612904,3.7866666666666666,3.232258064516129,3.253333333333333,4.967741935483871,1012.8064516129032,1017.1750000000001,1015.6225806451613,1013.6866666666666,1014.9290322580645,1007.9933333333333,1009.7838709677419,1010.0258064516129,1013.0666666666667,1015.5451612903227,1020.5733333333334,1012.3774193548387,81.10967741935484,77.21785714285714,73.18064516129031,72.28999999999999,68.85483870967742,79.69666666666667,84.80645161290323,85.98064516129033,80.24666666666667,68.03225806451613,73.72,81.79032258064517,,,,,,,,,,,,,,,,,,,,,,,,,,,,,,,,,,,,,34958.74193548387,38458.03571428572,42945.67741935484,47651.433333333334,51660.93548387097,53745.066666666666,52826.93548387097,49400.67741935484,44927.166666666664,40249.16129032258,36110.1,33897.6129032258
"39.7175,140.9033333",2004,1.632258064516129,3.548275862068966,7.34516129032258,13.556666666666667,19.251612903225805,23.953333333333333,27.299999999999997,27.174193548387095,23.259999999999998,16.438709677419357,12.66,5.425806451612903,-4.209677419354839,-3.4068965517241376,-1.3774193548387097,3.21,10.26774193548387,14.5,19.406451612903226,18.919354838709676,16.306666666666665,8.290322580645162,5.61,-0.6741935483870968,-1.3903225806451613,0.11034482758620694,2.8870967741935485,8.32,14.970967741935485,19.203333333333333,23.37741935483871,22.9741935483871,19.59,12.229032258064517,9.093333333333334,2.232258064516129,-5.538709677419354,-4.751724137931035,-4.109677419354838,0.8,8.96774193548387,13.28,18.73225806451613,17.80322580645161,15.623333333333333,8.416129032258064,4.383333333333334,-2.570967741935484,74.59354838709677,70.98275862068965,62.519354838709674,62.82000000000001,70.47096774193548,71.13666666666667,76.69032258064516,74.14516129032258,79.11333333333333,78.91612903225807,74.06666666666666,72.16129032258064,1.890774193548387,1.5561034482758622,1.6013870967741937,3.2163,3.9268709677419356,4.738566666666667,5.418161290322581,4.8547419354838715,8.940633333333333,3.429741935483871,2.156766666666667,3.5348064516129036,83.87096774193549,72.41379310344827,61.29032258064516,43.333333333333336,51.61290322580645,40.0,38.70967741935484,45.16129032258065,60.0,58.064516129032256,60.0,80.64516129032258,5.510322580645161,4.023793103448276,3.6293548387096775,2.5003333333333333,3.4941935483870967,2.5,2.1509677419354842,2.6883870967741936,3.472666666666667,2.958064516129032,3.75,5.241612903225807,,,,,,,,,,,,,,,,,,,,,,,,,18.44193548387097,22.010344827586206,24.08709677419355,24.956666666666667,23.70967741935484,19.123333333333335,18.690322580645162,20.200000000000003,18.91,16.503225806451614,21.366666666666667,21.05806451612903,18.44193548387097,22.010344827586206,24.08709677419355,24.956666666666667,23.70967741935484,19.123333333333335,18.690322580645162,20.200000000000003,18.91,16.503225806451614,21.366666666666667,21.05806451612903,10.05483870967742,12.324137931034482,13.26774193548387,13.443333333333333,12.493548387096775,10.356666666666666,11.0,11.312903225806451,10.663333333333332,8.90967741935484,10.843333333333334,10.829032258064515,4.087096774193548,4.362068965517241,4.503225806451613,4.126666666666667,3.870967741935484,3.1133333333333337,4.445161290322581,3.958064516129032,3.496666666666667,3.0548387096774197,4.303333333333333,4.483870967741935,1013.0903225806452,1012.0586206896552,1015.4064516129032,1010.15,1010.9225806451612,1010.3233333333334,1008.3387096774194,1009.2483870967742,1015.36,1017.9483870967742,1017.9566666666667,1017.2709677419356,77.4483870967742,80.24827586206897,74.96129032258065,68.58,79.86129032258064,74.77333333333333,77.41290322580646,75.15483870967742,81.93666666666667,75.64193548387097,74.98,76.30967741935484,,,,,,,,,,,,,,,,,,,,,,,,,,,,,,,,,,,,,34937.8064516129,38497.1724137931,43064.67741935484,47764.03333333333,51742.45161290323,53760.666666666664,52767.74193548387,49297.645161290326,44810.6,40135.51612903226,36024.433333333334,33881.1935483871
"39.7175,140.9033333",2005,1.4967741935483871,0.8642857142857142,4.658064516129032,13.356666666666666,17.583870967741937,24.676666666666666,24.758064516129032,29.429032258064513,24.14333333333333,18.299999999999997,10.3,1.4129032258064516,-3.545161290322581,-4.060714285714286,-0.9870967741935484,4.069999999999999,8.851612903225806,17.05,18.748387096774195,21.548387096774192,16.290000000000003,10.029032258064515,3.8,-3.109677419354839,-0.7451612903225807,-1.4821428571428572,2.1225806451612903,9.68,13.980645161290322,21.44333333333333,22.05483870967742,25.84193548387097,20.676666666666666,14.451612903225806,7.166666666666667,-0.6838709677419355,-3.890322580645161,-5.325,-3.3193548387096774,1.8066666666666664,7.261290322580645,16.043333333333333,18.625806451612902,21.403225806451612,16.23,10.303225806451612,3.0,-3.7483870967741937,80.00322580645161,76.08214285714287,69.30967741935484,61.27333333333333,67.00967741935484,72.80666666666666,81.78387096774195,77.58064516129032,77.15333333333334,78.02258064516128,76.58,80.62903225806451,0.0,,,,,,,,,,,,0.0,0.0,0.0,0.0,0.0,0.0,0.0,0.0,0.0,0.0,0.0,0.0,0.0,0.0,0.0,0.0,0.0,0.0,0.0,0.0,0.0,0.0,0.0,0.0,,,,,,,,,,,,,,,,,,,,,,,,,24.83225806451613,24.264285714285712,24.529032258064515,24.386666666666667,21.687096774193545,17.740000000000002,16.164516129032258,16.280645161290323,15.703333333333335,15.006451612903225,19.566666666666666,26.119354838709675,24.83225806451613,24.264285714285712,24.529032258064515,24.386666666666667,21.687096774193545,17.740000000000002,16.164516129032258,16.280645161290323,15.703333333333335,15.006451612903225,19.566666666666666,26.119354838709675,12.674193548387096,13.87857142857143,14.858064516129033,14.683333333333334,13.735483870967743,10.823333333333332,10.225806451612904,9.819354838709677,10.223333333333333,8.825806451612904,11.373333333333333,13.483870967741936,5.567741935483871,5.689285714285715,6.812903225806451,5.953333333333333,5.812903225806451,4.543333333333334,4.912903225806452,4.509677419354839,4.916666666666667,3.6774193548387095,4.92,5.95483870967742,1010.7161290322581,1014.3178571428572,1012.2096774193549,1012.9233333333334,1010.2290322580644,1007.0333333333333,1006.8935483870968,1009.3709677419355,1015.5699999999999,1016.4354838709677,1014.9766666666667,1009.8580645161289,83.21612903225805,82.96785714285714,82.54838709677419,72.59333333333333,77.58709677419354,80.35666666666665,80.58709677419354,76.03870967741935,76.22,73.7258064516129,75.86333333333333,79.40322580645162,,,,,,,,,,,,,,,,,,,,,,,,,,,,,,,,,,,,,35003.3870967742,38531.75,43026.87096774193,47728.433333333334,51716.903225806454,53756.36666666667,52786.8064516129,49330.354838709674,44847.6,40171.54838709677,36051.36666666667,33886.032258064515
"39.7175,140.9033333",2006,-0.03548387096774188,2.5035714285714286,5.97741935483871,10.879999999999999,19.02258064516129,22.596666666666668,24.061290322580643,29.541935483870965,23.863333333333333,17.6,11.33,4.441935483870967,-5.735483870967743,-3.957142857142857,-1.261290322580645,2.6933333333333334,9.390322580645162,14.836666666666668,18.425806451612903,21.351612903225806,14.646666666666667,8.48709677419355,3.2,-1.2903225806451613,-2.616129032258064,-0.7000000000000001,2.296774193548387,6.86,14.364516129032259,18.546666666666667,21.09032258064516,25.041935483870965,18.89,12.874193548387098,7.0633333333333335,1.3451612903225805,-7.758064516129032,-5.3500000000000005,-3.6451612903225805,0.8933333333333332,8.12258064516129,13.623333333333333,17.932258064516127,20.19677419354839,14.163333333333334,8.709677419354838,2.74,-2.738709677419355,68.59032258064516,71.81785714285715,66.98064516129033,68.29666666666667,68.39032258064516,74.31666666666666,82.9,75.74193548387096,75.68,77.1516129032258,75.42666666666668,75.40645161290323,1.0094193548387098,1.9933571428571428,3.2478064516129033,3.5664000000000002,3.522774193548387,2.2464,4.866387096774194,1.905,2.7384666666666666,4.503903225806452,4.6367,2.4023870967741936,77.41935483870968,78.57142857142857,70.96774193548387,66.66666666666667,48.38709677419355,40.0,70.96774193548387,25.806451612903224,50.0,41.935483870967744,60.0,64.51612903225806,5.64483870967742,6.398928571428571,5.779677419354838,5.2780000000000005,2.8235483870967744,2.5003333333333333,6.182903225806452,1.344516129032258,3.195333333333333,3.6293548387096775,6.249666666666667,5.242580645161291,,,,,,,,,,,,,,,,,,,,,,,,,20.35483870967742,21.099999999999998,24.30322580645161,23.4,23.05483870967742,20.756666666666668,16.835483870967742,17.906451612903226,16.67,18.187096774193545,19.896666666666665,17.23225806451613,20.35483870967742,21.099999999999998,24.30322580645161,23.4,23.05483870967742,20.756666666666668,16.835483870967742,17.906451612903226,16.67,18.187096774193545,19.896666666666665,17.23225806451613,11.35483870967742,11.760714285714286,13.338709677419354,12.423333333333334,12.635483870967741,11.866666666666667,8.903225806451612,10.535483870967743,9.556666666666667,10.303225806451612,10.270000000000001,9.461290322580645,4.309677419354839,3.9892857142857143,4.761290322580645,3.753333333333333,3.7451612903225806,3.8266666666666667,2.8419354838709676,4.296774193548386,3.2066666666666666,3.793548387096774,3.0966666666666667,3.4516129032258065,1016.0999999999999,1018.3464285714286,1010.0451612903227,1009.9466666666667,1013.2483870967742,1009.23,1007.7225806451613,1009.2258064516129,1013.5699999999999,1016.6064516129032,1015.5533333333333,1018.4290322580645,79.51612903225806,79.79285714285713,74.02903225806452,81.92666666666668,76.23870967741935,76.3,87.16774193548386,71.2741935483871,70.45333333333333,70.49354838709678,71.18333333333334,77.48064516129033,,,,,,,,,,,,,,,,,,,,,,,,,,,,,,,,,,,,,34982.22580645161,38497.21428571428,42989.096774193546,47692.7,51691.12903225807,53751.23333333333,52805.645161290326,49362.903225806454,44884.5,40207.3870967742,36078.76666666667,33891.22580645161
"39.7175,140.9033333",2007,3.925806451612903,4.707142857142857,5.922580645161291,12.106666666666666,18.951612903225808,25.256666666666668,24.729032258064517,28.219354838709677,25.14,17.75483870967742,9.723333333333333,3.661290322580645,-1.8612903225806452,-2.442857142857143,-1.567741935483871,2.71,9.845161290322581,15.33,16.72258064516129,20.16774193548387,17.456666666666667,8.674193548387096,1.9766666666666666,-1.8161290322580645,0.8193548387096774,0.9500000000000001,2.1322580645161286,7.37,14.174193548387096,20.226666666666667,20.748387096774195,23.97741935483871,20.966666666666665,12.996774193548386,5.713333333333334,0.8838709677419355,-4.367741935483871,-4.857142857142857,-3.1516129032258067,0.8200000000000001,7.948387096774193,14.133333333333333,15.964516129032258,19.429032258064513,16.77,7.870967741935484,0.9500000000000001,-2.7,69.64193548387097,66.82857142857144,69.75806451612904,66.13666666666667,68.31612903225808,69.83333333333333,75.7290322580645,77.14516129032258,77.98333333333333,72.8967741935484,73.01,77.94193548387096,1.903032258064516,2.2083214285714288,2.854258064516129,3.2929,3.5843870967741935,3.048133333333333,4.240032258064516,5.117709677419355,8.953100000000001,2.4391935483870966,2.766766666666667,2.940967741935484,61.29032258064516,50.0,74.19354838709677,56.666666666666664,54.83870967741935,23.333333333333332,45.16129032258065,51.61290322580645,53.333333333333336,48.38709677419355,66.66666666666667,80.64516129032258,4.3019354838709685,3.8696428571428574,5.644516129032258,4.444999999999999,4.166774193548386,1.9443333333333332,3.494516129032258,4.569677419354838,4.5840000000000005,3.3606451612903228,5.001,6.452258064516129,,,,,,,,,,,,,,,,,,,,,,,,,17.32903225806452,21.017857142857142,22.19677419354839,20.92,24.219354838709677,20.633333333333333,17.21935483870968,16.55483870967742,18.883333333333333,18.33225806451613,18.45,15.074193548387097,17.32903225806452,21.017857142857142,22.19677419354839,20.92,24.219354838709677,20.633333333333333,17.21935483870968,16.55483870967742,18.883333333333333,18.33225806451613,18.45,15.074193548387097,9.66451612903226,11.328571428571427,11.893548387096773,11.153333333333334,13.003225806451614,11.256666666666666,9.796774193548387,9.258064516129032,10.2,9.596774193548388,9.893333333333334,8.216129032258063,3.3483870967741933,4.128571428571428,3.851612903225807,3.643333333333333,4.806451612903226,3.1966666666666668,3.5258064516129033,3.0612903225806454,3.23,3.3129032258064517,3.6266666666666665,2.9967741935483874,1017.8,1015.1785714285714,1013.4580645161291,1013.4333333333333,1006.6193548387097,1009.0166666666667,1005.7483870967742,1010.6580645161291,1012.85,1016.9774193548387,1016.8666666666667,1014.3935483870968,70.75806451612904,67.775,75.45806451612903,72.92,74.0741935483871,66.25666666666667,75.53870967741935,76.98709677419355,76.98333333333333,66.57096774193548,71.48333333333333,77.7290322580645,,,,,,,,,,,,,,,,,,,,,,,,,,,,,,,,,,,,,34961.354838709674,38462.75,42951.25806451613,47656.96666666667,51665.290322580644,53746.23333333333,52824.096774193546,49395.45161290323,44921.433333333334,40243.48387096774,36106.13333333333,33896.83870967742
"39.7175,140.9033333",2008,0.6612903225806451,1.5655172413793104,8.993548387096775,15.46,19.338709677419356,23.273333333333333,26.787096774193547,26.27741935483871,24.363333333333333,18.322580645161292,10.336666666666668,5.65483870967742,-5.780645161290322,-5.127586206896551,0.9161290322580646,5.010000000000001,9.464516129032257,13.553333333333335,19.76774193548387,19.05806451612903,15.49,9.106451612903227,2.506666666666667,-0.7354838709677418,-2.4451612903225803,-1.7137931034482756,4.706451612903226,10.103333333333333,14.399999999999999,18.266666666666666,22.9741935483871,22.467741935483872,19.58,13.332258064516129,6.1066666666666665,2.2516129032258063,-6.961290322580646,-7.020689655172413,-1.5806451612903225,1.23,7.587096774193549,12.123333333333333,18.848387096774193,18.193548387096776,14.923333333333334,8.996774193548386,2.0533333333333332,-1.0741935483870966,72.11290322580645,68.0,66.30000000000001,58.18,65.95161290322581,69.29333333333334,78.58064516129032,77.99677419354839,75.88333333333334,76.8483870967742,77.38666666666667,79.8225806451613,1.2783225806451612,0.8262758620689655,1.8456129032258064,1.2013333333333334,2.189225806451613,1.8462999999999998,4.628225806451613,7.424129032258064,2.0709666666666666,2.856483870967742,3.5115666666666665,2.307709677419355,93.54838709677419,72.41379310344827,54.83870967741935,40.0,41.935483870967744,36.666666666666664,51.61290322580645,54.83870967741935,40.0,45.16129032258065,63.333333333333336,80.64516129032258,7.123870967741936,4.598275862068966,3.8977419354838707,2.778,2.6887096774193546,2.5003333333333333,4.300967741935485,4.436129032258065,2.6390000000000002,3.495161290322581,5.555666666666667,6.18258064516129,,,,,,,,,,,,,,,,,,,,,,,,,17.94193548387097,21.3,20.838709677419356,23.813333333333333,22.838709677419356,19.363333333333333,17.358064516129033,17.951612903225808,15.99,16.093548387096774,18.126666666666665,18.703225806451613,17.94193548387097,21.3,20.838709677419356,23.813333333333333,22.838709677419356,19.363333333333333,17.358064516129033,17.951612903225808,15.99,16.093548387096774,18.126666666666665,18.703225806451613,9.14516129032258,12.075862068965517,11.038709677419355,14.07,12.290322580645162,11.433333333333334,10.587096774193547,10.216129032258063,8.853333333333333,8.258064516129032,9.796666666666665,10.287096774193548,3.4129032258064513,4.227586206896552,3.570967741935484,4.943333333333333,3.706451612903226,4.043333333333333,4.083870967741936,4.267741935483872,2.783333333333333,2.7129032258064516,3.6933333333333334,3.738709677419355,1016.7129032258064,1013.6241379310344,1014.9354838709677,1014.0400000000001,1011.3193548387097,1009.7633333333334,1008.7096774193549,1008.6903225806452,1011.9433333333333,1017.2838709677419,1015.7866666666666,1015.7258064516129,75.54838709677419,75.80689655172414,72.62258064516129,70.03,68.88709677419355,74.64,85.25806451612904,78.81612903225808,71.11,67.11612903225806,70.89333333333335,75.23225806451612,,,,,,,,,,,,,,,,,,,,,,,,,,,,,,,,,,,,,34940.8064516129,38502.10344827586,43070.41935483871,47769.23333333333,51746.3870967742,53761.0,52764.25806451613,49292.096774193546,44804.7,40130.06451612903,36020.86666666667,33880.967741935485
"39.7175,140.9033333",2009,3.0354838709677416,3.357142857142857,7.006451612903225,14.253333333333334,20.5,23.513333333333332,25.948387096774194,26.538709677419355,22.346666666666668,17.532258064516128,10.676666666666668,4.209677419354839,-3.2838709677419353,-3.7964285714285713,-1.4774193548387098,4.013333333333334,10.229032258064517,14.696666666666665,19.05483870967742,19.27741935483871,13.713333333333333,8.216129032258063,3.5033333333333334,-2.096774193548387,-0.22580645161290322,-0.22499999999999995,2.6870967741935483,9.146666666666667,15.461290322580645,19.003333333333334,22.174193548387095,22.66774193548387,17.94,12.641935483870967,7.05,1.1419354838709677,-3.8677419354838714,-4.925,-2.893548387096774,2.1166666666666667,8.709677419354838,13.74,18.62258064516129,18.51290322580645,13.883333333333333,8.635483870967741,3.396666666666667,-2.6838709677419357,77.74516129032257,72.15714285714286,68.9483870967742,64.97666666666666,67.24193548387096,73.59333333333333,81.36774193548388,78.6741935483871,78.65333333333334,78.23225806451612,78.77,76.75483870967743,2.5466774193548387,2.655142857142857,3.5303225806451612,3.1793666666666667,1.4062258064516129,2.174766666666667,8.997483870967741,3.2776451612903226,2.1315,4.071322580645162,3.2993,2.1630322580645163,70.96774193548387,71.42857142857143,64.51612903225806,33.333333333333336,41.935483870967744,46.666666666666664,67.74193548387096,38.70967741935484,43.333333333333336,58.064516129032256,60.0,77.41935483870968,7.795806451612903,4.613928571428572,4.570645161290322,2.778,3.225806451612903,2.917666666666667,6.316774193548387,3.0916129032258066,3.0556666666666668,4.973548387096774,5.832666666666667,6.451935483870967,,,,,,,,,,,,,,,,,,,,,,,,,18.17096774193548,22.585714285714285,23.048387096774192,22.626666666666665,21.809677419354838,19.046666666666667,19.370967741935484,18.32903225806452,16.9,17.883870967741935,18.063333333333333,20.13225806451613,18.17096774193548,22.585714285714285,23.048387096774192,22.626666666666665,21.809677419354838,19.046666666666667,19.370967741935484,18.32903225806452,16.9,17.883870967741935,18.063333333333333,20.13225806451613,10.287096774193548,11.417857142857143,12.583870967741936,12.129999999999999,11.55483870967742,10.803333333333335,10.774193548387096,10.219354838709679,8.916666666666666,9.580645161290322,9.923333333333334,10.44516129032258,3.5903225806451613,4.05,4.464516129032258,4.03,3.370967741935484,4.02,3.5,3.293548387096774,2.71,3.3483870967741933,3.0633333333333335,3.9645161290322584,1016.1032258064516,1014.3678571428571,1014.8419354838709,1012.62,1011.016129032258,1007.0533333333333,1006.5225806451613,1009.7225806451613,1013.0333333333333,1014.074193548387,1018.7433333333333,1013.4709677419354,77.80967741935484,73.7,74.86451612903227,67.44,70.68709677419355,73.69666666666667,84.0741935483871,77.68709677419355,72.49666666666667,67.98064516129033,75.67,74.85161290322581,,,,,,,,,,,,,,,,,,,,,,,,,,,,,,,,,,,,,35007.0,38537.0,43032.6129032258,47733.6,51720.58064516129,53756.1,52783.096774193546,49324.74193548387,44841.76666666667,40166.290322580644,36048.2,33886.25806451613
"39.7175,140.9033333",2010,1.5290322580645161,2.8000000000000003,5.283870967741936,10.786666666666665,18.4,25.32,28.296774193548387,30.703225806451613,24.053333333333335,18.23548387096774,11.173333333333334,5.274193548387097,-3.5,-4.460714285714285,-1.7741935483870968,2.86,9.254838709677419,16.206666666666667,21.229032258064517,22.75483870967742,16.603333333333335,9.66451612903226,2.58,-0.8612903225806451,-0.9806451612903225,-0.9535714285714285,1.738709677419355,6.753333333333333,13.841935483870968,20.566666666666666,24.429032258064513,26.316129032258065,20.07,13.600000000000001,6.716666666666667,2.1774193548387095,-4.596774193548387,-6.375,-3.5806451612903225,0.7533333333333334,8.248387096774193,15.306666666666667,20.248387096774195,21.793548387096774,15.93,9.948387096774193,2.4833333333333334,-1.229032258064516,77.39032258064516,68.41428571428571,69.71612903225805,68.41666666666667,71.51935483870967,73.94,78.54516129032258,77.31290322580645,78.44333333333334,79.9258064516129,75.88000000000001,79.1741935483871,2.7116774193548387,0.8980714285714286,3.0088387096774194,2.5909666666666666,4.287870967741935,5.3081,6.7502903225806445,7.84425806451613,5.427033333333333,2.52358064516129,2.4549000000000003,7.150677419354839,90.3225806451613,64.28571428571429,67.74193548387096,66.66666666666667,54.83870967741935,43.333333333333336,48.38709677419355,41.935483870967744,50.0,51.61290322580645,60.0,87.09677419354838,8.064516129032258,4.465,4.436774193548387,5.555666666666666,4.972903225806451,3.8890000000000002,4.166774193548387,2.6883870967741936,4.583,3.495483870967742,4.8613333333333335,8.333225806451612,,,,,,,,,,,,,53.98235294117647,51.114285714285714,55.099999999999994,50.127272727272725,46.666666666666664,40.7,39.325,,43.4,35.099999999999994,52.43333333333334,64.85833333333333,19.30322580645161,18.464285714285715,21.51290322580645,22.346666666666668,20.351612903225806,17.483333333333334,18.419354838709676,16.293548387096774,16.956666666666667,15.05483870967742,18.31,21.48709677419355,19.30322580645161,18.464285714285715,21.51290322580645,22.346666666666668,20.351612903225806,17.483333333333334,18.419354838709676,16.293548387096774,16.956666666666667,15.05483870967742,18.31,21.48709677419355,10.85483870967742,10.071428571428571,12.57741935483871,12.393333333333334,11.470967741935485,9.266666666666667,9.870967741935484,9.261290322580646,9.34,7.912903225806451,10.063333333333333,11.525806451612903,4.15483870967742,3.1571428571428575,4.483870967741935,4.19,4.199999999999999,3.0766666666666667,2.796774193548387,3.6870967741935483,3.1300000000000003,2.6129032258064515,3.996666666666667,4.187096774193549,1013.1258064516129,1017.6964285714286,1017.7258064516129,1018.4633333333334,1011.741935483871,1011.0933333333334,1009.5193548387097,1013.0870967741936,1013.1766666666666,1018.183870967742,1016.5166666666667,1009.2064516129033,75.37741935483871,71.73214285714286,74.64516129032258,76.91666666666667,72.48064516129033,75.06,80.21612903225805,71.63548387096773,73.53333333333333,72.09032258064516,66.79,76.78064516129032,68.0741935483871,102.55,147.84516129032258,184.23,222.6258064516129,255.4633333333333,244.53870967741935,239.41935483870967,173.57999999999998,135.92903225806452,92.68333333333334,61.309677419354834,5.883870967741935,8.85,12.751612903225807,15.91,19.216129032258067,22.123333333333335,21.1,20.66774193548387,15.006666666666666,11.770967741935483,7.956666666666666,5.300000000000001,3.0,4.178571428571429,5.580645161290323,6.333333333333333,7.032258064516129,7.966666666666667,7.516129032258065,7.612903225806452,6.133333333333334,5.32258064516129,4.033333333333333,2.967741935483871,34986.096774193546,38502.607142857145,42994.93548387097,47697.9,51694.16129032258,53750.933333333334,52801.51612903226,49357.16129032258,44878.8,40202.6129032258,36075.933333333334,33891.903225806454
"39.7175,140.9033333",2011,-0.4451612903225806,3.525,5.090322580645162,12.473333333333333,18.483870967741936,23.776666666666664,28.69677419354839,28.164516129032258,24.490000000000002,17.738709677419354,11.973333333333333,2.803225806451613,-6.348387096774194,-4.1535714285714285,-2.5677419354838706,2.7800000000000002,9.44516129032258,14.673333333333334,20.48709677419355,20.929032258064513,17.013333333333332,8.258064516129032,3.7666666666666666,-2.2161290322580647,-3.3451612903225807,-0.275,1.132258064516129,7.616666666666666,13.948387096774193,19.236666666666668,24.287096774193547,24.358064516129033,20.373333333333335,13.02258064516129,7.783333333333333,0.24838709677419352,-7.754838709677419,-5.028571428571429,-4.0935483870967735,0.7533333333333333,7.893548387096774,13.796666666666665,19.432258064516127,20.570967741935487,17.386666666666667,9.148387096774194,4.1033333333333335,-4.035483870967742,72.54193548387097,71.80357142857143,70.07096774193548,65.27333333333334,69.20645161290322,72.69333333333334,75.54838709677419,80.64838709677419,84.28666666666666,79.03870967741935,79.1,74.1516129032258,2.2596451612903223,1.1122857142857143,0.7959354838709677,4.684533333333333,4.465193548387097,6.034366666666667,2.8280000000000003,4.332032258064516,9.780933333333333,2.5517741935483866,1.3865333333333334,1.6945161290322581,96.7741935483871,42.857142857142854,74.19354838709677,50.0,45.16129032258065,43.333333333333336,45.16129032258065,58.064516129032256,63.333333333333336,58.064516129032256,63.333333333333336,83.87096774193549,6.720645161290323,3.5710714285714285,5.779354838709677,3.8886666666666665,4.301290322580646,3.334,3.7635483870967743,4.033225806451613,6.389,4.435806451612903,4.7219999999999995,6.72,,,,,,,,,,,,,48.13333333333333,48.1,46.574999999999996,47.48823529411764,50.98888888888889,46.9,37.1,43.199999999999996,49.96666666666667,48.74444444444444,53.175,57.04666666666667,18.42258064516129,17.4,19.396774193548385,22.259999999999998,22.87741935483871,18.05666666666667,17.22258064516129,16.554838709677416,18.03666666666667,17.509677419354837,17.726666666666667,20.23548387096774,18.42258064516129,17.4,19.396774193548385,22.259999999999998,22.87741935483871,18.05666666666667,17.22258064516129,16.554838709677416,18.03666666666667,17.509677419354837,17.726666666666667,20.23548387096774,10.48709677419355,9.689285714285715,10.422580645161291,12.083333333333334,12.82258064516129,9.79,9.47741935483871,9.245161290322581,10.16,9.422580645161291,9.646666666666667,11.067741935483872,3.7516129032258063,3.042857142857143,3.670967741935484,3.52,4.596774193548387,2.013333333333333,2.616129032258064,3.890322580645161,4.283333333333333,3.6774193548387095,3.753333333333333,4.232258064516128,1012.7354838709678,1018.4857142857143,1014.4870967741934,1013.2333333333333,1011.7645161290322,1009.0233333333333,1008.8677419354839,1010.6741935483872,1012.6666666666666,1018.1387096774193,1019.75,1017.2483870967742,74.56451612903226,68.27142857142857,72.49032258064516,67.36,77.45161290322581,73.40666666666667,75.8258064516129,80.89032258064516,72.53999999999999,66.87096774193549,68.24666666666667,74.03225806451613,72.30322580645162,117.05,144.8967741935484,206.06,235.5225806451613,259.4533333333333,247.99677419354836,217.26129032258066,180.59,142.01290322580644,101.35,64.7258064516129,6.22258064516129,10.132142857142856,12.52258064516129,17.790000000000003,20.312903225806455,22.396666666666665,21.387096774193548,18.75483870967742,15.606666666666666,12.248387096774193,8.726666666666667,5.583870967741936,3.129032258064516,4.535714285714286,5.354838709677419,7.1,7.741935483870968,7.933333333333334,7.741935483870968,7.258064516129032,6.5,5.419354838709677,4.333333333333333,3.032258064516129,34965.45161290323,38468.32142857143,42956.67741935484,47661.73333333333,51667.93548387097,53745.46666666667,52819.74193548387,49389.58064516129,44915.86666666667,40239.06451612903,36103.86666666667,33897.903225806454
"39.7175,140.9033333",2012,0.20645161290322575,0.617241379310345,5.758064516129032,13.453333333333335,19.358064516129033,23.433333333333334,27.10967741935484,31.09032258064516,28.040000000000003,18.387096774193548,10.05,2.129032258064516,-5.709677419354839,-6.424137931034483,-1.432258064516129,4.196666666666667,10.658064516129032,13.976666666666667,19.419354838709676,22.216129032258067,19.513333333333332,9.37741935483871,3.33,-3.329032258064516,-2.8129032258064517,-3.0344827586206895,2.029032258064516,8.713333333333333,14.838709677419354,18.540000000000003,23.070967741935487,26.161290322580644,23.3,13.745161290322581,6.626666666666667,-0.48709677419354835,-7.296774193548386,-7.427586206896552,-2.319354838709677,2.8333333333333335,9.503225806451614,13.270000000000001,19.27741935483871,21.44516129032258,18.763333333333332,9.44516129032258,3.1666666666666665,-3.664516129032258,72.44193548387096,73.14827586206897,75.04193548387097,69.01666666666667,72.68709677419355,73.61666666666666,80.52258064516128,76.72258064516129,77.34333333333333,77.03870967741935,79.53,80.21935483870968,0.6954193548387096,1.4316896551724136,3.3528387096774193,3.3459333333333334,2.987354838709677,1.3336,4.323709677419354,1.7674193548387096,2.693966666666667,3.9178387096774197,5.008,3.026516129032258,67.74193548387096,62.06896551724138,67.74193548387096,50.0,45.16129032258065,36.666666666666664,48.38709677419355,25.806451612903224,46.666666666666664,70.96774193548387,83.33333333333333,83.87096774193549,4.435806451612903,4.31,6.18258064516129,3.4723333333333333,3.3606451612903228,2.2223333333333333,4.032580645161291,1.7474193548387098,3.472666666666667,4.570645161290322,7.917000000000001,8.333548387096775,,,,,,,,,,,,,46.74285714285714,50.400000000000006,53.00909090909091,61.77,41.8875,45.35,38.166666666666664,41.55,41.4,47.81428571428571,58.971428571428575,53.94285714285714,18.296774193548387,19.720689655172414,19.96451612903226,24.026666666666664,19.96451612903226,18.663333333333334,17.051612903225806,17.0,18.546666666666667,19.003225806451614,18.303333333333335,17.55806451612903,18.296774193548387,19.720689655172414,19.96451612903226,24.026666666666664,19.96451612903226,18.663333333333334,17.051612903225806,17.0,18.546666666666667,19.003225806451614,18.303333333333335,17.55806451612903,10.100000000000001,10.724137931034482,11.59032258064516,13.093333333333334,11.516129032258064,10.796666666666665,9.887096774193548,9.935483870967742,10.563333333333333,9.925806451612903,10.453333333333335,9.961290322580645,4.283870967741936,4.0793103448275865,4.661290322580645,4.92,4.267741935483872,4.473333333333333,3.8193548387096774,4.132258064516129,3.8133333333333335,3.7193548387096773,4.053333333333333,4.0,1017.2161290322581,1016.2620689655172,1014.9612903225806,1014.7,1010.8258064516128,1010.3966666666668,1008.4322580645162,1012.1806451612903,1014.7466666666667,1015.7645161290322,1013.1866666666666,1014.9483870967742,74.19999999999999,73.95862068965518,78.6741935483871,72.43666666666667,74.77741935483871,69.76333333333334,77.98709677419355,70.95161290322581,70.19333333333334,67.4483870967742,76.17,78.54838709677419,78.15806451612903,104.53103448275863,143.55806451612904,199.62,226.56129032258065,266.11333333333334,259.46774193548384,242.11612903225807,192.42999999999998,139.15483870967742,77.17333333333333,56.53548387096774,6.738709677419355,9.048275862068964,12.364516129032259,17.240000000000002,19.532258064516128,22.993333333333332,22.43548387096774,20.925806451612903,16.616666666666667,12.016129032258064,6.663333333333333,4.870967741935484,3.2903225806451615,4.068965517241379,5.225806451612903,6.6,7.225806451612903,8.0,8.064516129032258,7.838709677419355,6.666666666666667,5.419354838709677,3.3666666666666667,2.5483870967741935,34944.903225806454,38507.51724137931,43075.54838709677,47773.53333333333,51748.54838709677,53759.86666666667,52759.93548387097,49286.54838709677,44799.4,40126.0,36018.73333333333,33881.87096774193
"39.7175,140.9033333",2013,0.23870967741935478,0.9321428571428572,6.864516129032259,12.146666666666667,18.787096774193547,25.423333333333336,25.364516129032257,28.706451612903226,24.333333333333332,17.951612903225808,10.336666666666668,4.216129032258064,-6.119354838709677,-5.360714285714286,-1.2129032258064516,3.3366666666666664,9.187096774193549,15.556666666666667,19.719354838709677,20.529032258064515,16.153333333333332,10.583870967741936,2.0166666666666666,-0.8935483870967742,-2.774193548387097,-2.1464285714285714,2.6129032258064515,7.836666666666667,13.87741935483871,20.403333333333332,22.19677419354839,24.283870967741933,20.016666666666666,14.112903225806452,5.9766666666666675,1.5516129032258066,-6.587096774193548,-6.5321428571428575,-3.0838709677419356,1.7733333333333334,8.448387096774193,15.323333333333332,19.893548387096775,20.106451612903225,16.143333333333334,10.816129032258065,2.42,-1.535483870967742,76.10645161290323,73.18571428571428,68.10967741935484,68.66666666666667,72.59032258064516,74.89333333333335,87.6032258064516,79.02258064516128,79.96666666666667,82.03225806451613,79.53333333333333,80.80322580645162,1.9738709677419355,1.2705,2.240225806451613,3.3162333333333334,1.4932258064516128,1.5060333333333333,14.357483870967743,6.83741935483871,7.224000000000001,8.029903225806452,3.4114999999999998,2.1996774193548387,87.09677419354838,78.57142857142857,45.16129032258065,73.33333333333333,45.16129032258065,16.666666666666668,80.64516129032258,45.16129032258065,50.0,54.83870967741935,73.33333333333333,80.64516129032258,7.660967741935484,5.208928571428571,3.2264516129032255,5.417333333333334,3.36,1.25,9.005161290322581,3.494516129032258,4.306333333333333,4.973225806451613,7.361000000000001,7.258387096774193,,,,,,,,,,,0.425,2.694736842105263,52.625,51.32142857142857,55.733333333333334,44.84166666666667,44.75,,51.199999999999996,40.2,56.25,55.5,58.471428571428575,54.05,18.906451612903226,20.70357142857143,22.9741935483871,23.293333333333333,20.993548387096773,18.666666666666668,16.60967741935484,17.200000000000003,16.993333333333332,16.73548387096774,17.863333333333333,17.219354838709677,18.906451612903226,20.70357142857143,22.9741935483871,23.293333333333333,20.993548387096773,18.666666666666668,16.60967741935484,17.200000000000003,16.993333333333332,16.73548387096774,17.863333333333333,17.219354838709677,10.674193548387096,12.164285714285715,12.8,12.783333333333333,12.161290322580646,10.67,9.69032258064516,9.258064516129032,9.213333333333333,9.180645161290323,9.593333333333334,9.606451612903227,4.054838709677419,4.535714285714286,4.512903225806451,4.25,5.003225806451613,3.8133333333333335,4.003225806451613,3.3161290322580643,2.9233333333333333,3.7419354838709675,4.08,3.9838709677419355,1016.9935483870968,1017.0464285714286,1013.6290322580645,1010.4,1012.0838709677419,1009.7466666666667,1008.4580645161291,1006.8193548387097,1015.3066666666667,1018.4967741935484,1014.9566666666667,1012.5258064516129,75.13225806451612,76.38928571428572,73.88064516129033,73.49,72.64516129032258,67.48666666666666,85.38709677419355,72.0,70.95333333333333,73.64516129032258,68.24666666666666,79.44516129032259,77.04838709677419,105.42857142857143,163.21290322580646,205.3,260.31612903225806,283.83,194.19354838709677,223.9322580645161,188.42666666666668,122.93870967741935,94.51,55.97096774193548,6.632258064516129,9.114285714285714,14.112903225806452,17.71333333333333,22.48709677419355,24.56,16.729032258064517,19.338709677419356,16.253333333333334,10.580645161290322,8.16,4.829032258064516,3.3870967741935485,4.178571428571429,5.838709677419355,7.1,8.451612903225806,8.666666666666666,6.516129032258065,7.387096774193548,6.8,4.709677419354839,3.933333333333333,2.5161290322580645,35011.096774193546,38542.107142857145,43037.51612903226,47737.7,51722.51612903226,53754.86666666667,52778.83870967742,49319.290322580644,44836.7,40162.45161290323,36046.3,33887.45161290323
"39.7175,140.9033333",2014,0.9,2.1214285714285714,6.129032258064516,14.873333333333333,21.07741935483871,25.236666666666668,28.0258064516129,26.896774193548385,23.59333333333333,17.56451612903226,11.370000000000001,2.02258064516129,-5.061290322580645,-5.128571428571428,-0.7806451612903227,2.996666666666667,10.283870967741937,16.816666666666666,19.448387096774194,20.848387096774193,13.533333333333333,7.396774193548388,2.9,-2.9516129032258065,-1.9967741935483871,-1.292857142857143,2.6193548387096777,9.139999999999999,15.561290322580644,20.81,23.509677419354837,23.493548387096773,18.14,12.264516129032257,6.989999999999999,-0.6322580645161291,-5.761290322580645,-5.9678571428571425,-2.6225806451612903,-0.04333333333333342,8.706451612903225,15.5,18.76451612903226,20.27741935483871,13.616666666666667,7.941935483870967,3.0,-3.329032258064516,76.35483870967742,71.83214285714286,70.66774193548386,57.18,67.01935483870967,73.58333333333333,76.40967741935484,83.26774193548388,76.89666666666668,77.06129032258065,77.54333333333332,82.6741935483871,3.365709677419355,6.430964285714286,4.741612903225807,1.3301666666666667,2.1053225806451614,1.9929999999999999,5.8300967741935485,8.965354838709677,2.818433333333333,4.20558064516129,1.9302666666666668,4.806322580645162,96.7741935483871,85.71428571428571,67.74193548387096,30.0,54.83870967741935,43.333333333333336,48.38709677419355,67.74193548387096,43.333333333333336,45.16129032258065,63.333333333333336,96.7741935483871,8.198709677419355,6.249642857142858,5.78,1.5283333333333333,3.4958064516129035,3.7503333333333333,3.4948387096774196,6.586774193548387,2.6396666666666664,3.898387096774194,4.445333333333334,9.004838709677419,10.283870967741937,9.153571428571428,4.6499999999999995,1.0,,,,,,,,8.110344827586207,55.96923076923077,47.99090909090909,54.36923076923077,45.57692307692308,45.39166666666667,45.949999999999996,45.73333333333333,50.9,40.06666666666666,56.64,55.971428571428575,57.21176470588235,18.958064516129035,20.853571428571428,22.82903225806452,22.029999999999998,21.506451612903227,19.98,17.05806451612903,16.583870967741937,16.35,17.916129032258063,16.273333333333333,18.016129032258064,18.958064516129035,20.853571428571428,22.82903225806452,22.029999999999998,21.506451612903227,19.98,17.05806451612903,16.583870967741937,16.35,17.916129032258063,16.273333333333333,18.016129032258064,10.696774193548388,11.75,12.361290322580645,11.953333333333335,11.870967741935484,11.096666666666666,9.94516129032258,9.396774193548387,8.639999999999999,9.735483870967743,9.54,10.283870967741937,4.148387096774194,5.014285714285714,5.119354838709677,3.8833333333333333,3.632258064516129,3.6166666666666667,3.9870967741935486,3.861290322580645,2.86,3.338709677419355,4.22,4.390322580645161,1016.9548387096773,1019.8892857142857,1014.4741935483871,1015.6933333333333,1010.2645161290322,1007.9333333333333,1008.6064516129032,1010.3,1013.1866666666666,1018.3064516129032,1018.4366666666666,1012.9741935483871,78.33870967741936,73.41071428571429,74.75483870967743,54.81333333333334,69.57741935483871,73.73,71.30322580645162,79.44516129032259,60.43999999999999,55.696774193548386,70.07333333333332,80.88709677419355,69.5516129032258,103.425,142.7,243.43666666666667,246.21612903225807,254.81333333333333,254.68064516129033,197.3483870967742,201.97333333333333,152.5225806451613,98.11999999999999,53.96774193548387,5.980645161290322,8.939285714285713,12.325806451612904,21.029999999999998,21.270967741935483,22.013333333333332,21.983870967741936,17.02258064516129,17.473333333333336,13.154838709677419,8.456666666666667,4.680645161290323,3.129032258064516,4.142857142857143,5.354838709677419,7.933333333333334,7.870967741935484,7.666666666666667,7.838709677419355,6.451612903225806,6.866666666666666,5.806451612903226,4.2,2.5806451612903225,34989.83870967742,38507.28571428572,42999.290322580644,47701.73333333333,51696.22580645161,53749.86666666667,52797.6129032258,49352.25806451613,44874.13333333333,40199.0,36074.0,33892.83870967742
"39.7175,140.9033333",2015,2.083870967741935,3.792857142857143,8.861290322580645,15.996666666666666,22.551612903225806,24.23,28.45806451612903,27.741935483870968,23.383333333333333,16.825806451612905,11.523333333333333,5.825806451612903,-3.1548387096774193,-1.9821428571428572,0.4096774193548387,4.9766666666666675,10.541935483870969,14.819999999999999,20.08709677419355,20.193548387096776,15.043333333333333,7.538709677419355,4.036666666666666,-0.6645161290322581,-0.4838709677419355,0.7857142857142857,4.541935483870968,10.520000000000001,16.629032258064516,19.383333333333333,24.048387096774192,23.57741935483871,18.88,11.961290322580645,7.723333333333333,2.5161290322580645,-4.877419354838709,-3.992857142857143,-0.967741935483871,3.3766666666666665,8.683870967741935,13.813333333333333,18.929032258064513,19.12258064516129,14.870000000000001,6.538709677419354,4.216666666666667,-2.0806451612903225,73.10967741935484,71.83571428571429,70.1516129032258,65.87666666666667,62.806451612903224,72.15,75.13225806451612,77.53548387096774,79.32,71.53225806451613,80.14666666666668,73.28064516129032,2.1923225806451616,1.7469642857142857,3.0319032258064516,2.780333333333333,1.544258064516129,2.2915666666666668,3.05558064516129,3.915161290322581,3.4117333333333333,3.5018064516129033,4.095666666666666,2.4379999999999997,77.41935483870968,67.85714285714286,51.61290322580645,43.333333333333336,41.935483870967744,43.333333333333336,48.38709677419355,38.70967741935484,66.66666666666667,51.61290322580645,60.0,51.61290322580645,4.839032258064516,4.315714285714286,3.898064516129032,3.194666666666667,2.2854838709677416,2.7786666666666666,3.0919354838709676,3.0916129032258066,5.417666666666666,3.7638709677419357,4.8613333333333335,3.898387096774194,8.196774193548388,4.220833333333333,8.628571428571428,,,,,,,,,5.14,54.66428571428571,55.11818181818182,57.58125,45.010000000000005,52.48333333333333,43.85,39.8,45.833333333333336,41.0375,53.71818181818182,53.81666666666667,56.84615384615385,19.261290322580646,21.075,21.374193548387098,21.1,22.358064516129033,21.11,16.261290322580646,17.461290322580645,16.28666666666667,20.316129032258065,16.636666666666667,18.345161290322583,19.261290322580646,21.075,21.374193548387098,21.1,22.358064516129033,21.11,16.261290322580646,17.461290322580645,16.28666666666667,20.316129032258065,16.636666666666667,18.345161290322583,11.074193548387097,12.132142857142856,11.803225806451614,11.063333333333333,11.958064516129031,11.5,9.180645161290323,10.01290322580645,9.223333333333333,11.51290322580645,9.29,10.429032258064517,4.483870967741935,4.614285714285714,4.34516129032258,3.743333333333333,4.145161290322581,4.430000000000001,3.796774193548387,4.34516129032258,3.7766666666666664,4.103225806451613,3.39,4.006451612903226,1014.6290322580645,1014.5678571428572,1016.1032258064516,1016.8533333333332,1009.4483870967742,1008.61,1008.9225806451612,1010.4354838709677,1013.5066666666667,1015.4193548387096,1022.1233333333333,1019.3129032258065,74.94516129032259,72.74642857142857,72.63548387096773,66.35666666666667,59.90967741935484,68.96666666666667,71.81935483870969,72.03870967741935,72.61666666666666,57.81290322580645,71.61999999999999,67.22258064516129,74.86774193548388,118.03571428571429,158.59354838709677,211.18333333333334,282.36129032258066,254.00666666666666,260.15806451612906,231.8258064516129,184.09,164.50645161290322,87.83999999999999,73.00322580645161,6.464516129032258,10.203571428571427,13.674193548387096,18.236666666666668,24.383870967741935,21.94,22.458064516129035,20.032258064516128,15.886666666666667,14.209677419354838,7.586666666666667,6.293548387096774,3.225806451612903,4.678571428571429,5.838709677419355,7.333333333333333,8.903225806451612,7.9,8.03225806451613,7.483870967741935,6.566666666666666,6.225806451612903,3.7666666666666666,3.3548387096774195,34968.87096774193,38472.5,42961.032258064515,47665.26666666667,51669.903225806454,53744.63333333333,52816.290322580644,49385.032258064515,44911.6,40235.41935483871,36101.7,33898.354838709674
"39.7175,140.9033333",2016,2.2096774193548385,3.310344827586207,9.01290322580645,14.546666666666665,21.641935483870967,23.043333333333333,26.25483870967742,29.796774193548387,25.016666666666666,17.258064516129032,9.173333333333334,5.558064516129033,-3.0870967741935487,-3.2724137931034485,-0.5290322580645161,4.86,10.51290322580645,14.693333333333333,18.929032258064513,20.812903225806455,17.726666666666667,7.493548387096775,1.15,-1.1225806451612903,-0.5483870967741935,-0.020689655172413796,4.209677419354839,9.67,16.174193548387095,18.826666666666664,22.41290322580645,25.009677419354837,21.043333333333333,12.374193548387098,4.986666666666666,2.0806451612903225,-5.512903225806451,-4.662068965517241,-2.2193548387096773,2.6366666666666663,9.40967741935484,14.270000000000001,18.37741935483871,20.496774193548386,17.73,7.487096774193549,0.7733333333333334,-1.7225806451612902,70.51935483870967,72.57241379310345,65.9,65.01,67.86451612903227,76.8,79.0741935483871,77.63225806451612,82.56333333333333,74.76451612903226,76.12666666666668,77.25161290322582,1.296258064516129,2.4430689655172415,1.2650967741935484,4.268633333333333,2.9103548387096776,4.698166666666666,3.1667741935483873,9.25174193548387,3.9416333333333333,5.546870967741936,1.6454666666666666,1.9837096774193548,67.74193548387096,86.20689655172414,54.83870967741935,46.666666666666664,41.935483870967744,63.333333333333336,38.70967741935484,45.16129032258065,50.0,54.83870967741935,73.33333333333333,83.87096774193549,4.704516129032259,7.470689655172414,4.032580645161291,3.8890000000000002,3.091290322580645,4.862,3.2261290322580645,3.2264516129032255,3.611666666666667,3.0919354838709676,5.2780000000000005,6.182258064516129,7.438461538461539,5.876,8.385714285714286,,,,,,,,1.6666666666666667,2.8333333333333335,44.16923076923077,51.6125,45.06,47.9,48.054545454545455,44.199999999999996,48.2,47.88,37.1,44.95,44.90909090909091,50.63333333333333,19.548387096774192,18.693103448275863,19.251612903225805,22.916666666666668,21.348387096774193,20.073333333333334,18.612903225806452,19.96451612903226,15.206666666666667,18.951612903225808,17.55,18.258064516129032,19.548387096774192,18.693103448275863,19.251612903225805,22.916666666666668,21.348387096774193,20.073333333333334,18.612903225806452,19.96451612903226,15.206666666666667,18.951612903225808,17.55,18.258064516129032,10.922580645161291,10.306896551724137,10.258064516129032,12.726666666666667,11.658064516129032,11.013333333333332,11.129032258064516,10.98709677419355,8.47,9.609677419354838,9.303333333333335,10.429032258064517,4.274193548387097,4.096551724137931,3.6258064516129034,4.4366666666666665,4.077419354838709,4.253333333333333,4.812903225806451,4.506451612903225,3.5566666666666666,3.4451612903225803,3.56,4.390322580645161,1016.1774193548387,1018.8000000000001,1019.0516129032258,1013.65,1013.1612903225806,1009.4933333333333,1010.1709677419354,1006.0806451612904,1014.3566666666667,1017.8612903225807,1019.4866666666666,1017.3612903225807,73.05483870967741,75.12068965517241,64.60322580645162,67.26666666666667,69.15806451612903,73.60666666666665,77.4483870967742,58.96774193548387,76.76,59.65483870967742,70.15666666666667,70.64516129032258,69.38709677419355,101.20689655172414,172.06129032258065,212.67666666666668,242.60967741935482,253.82999999999998,242.09032258064516,248.84193548387097,162.75666666666666,148.30967741935484,90.77666666666667,64.95483870967742,5.97741935483871,8.696551724137931,14.85483870967742,18.373333333333335,20.948387096774194,21.95,20.91290322580645,21.490322580645163,14.053333333333333,12.812903225806451,7.833333333333333,5.609677419354839,3.064516129032258,4.0,6.290322580645161,7.166666666666667,7.870967741935484,7.933333333333334,7.354838709677419,7.967741935483871,5.966666666666667,5.741935483870968,3.8666666666666667,2.967741935483871,34947.87096774193,38511.51724137931,43079.58064516129,47776.96666666667,51750.77419354839,53759.4,52756.967741935485,49282.32258064516,44795.26666666667,40122.41935483871,36016.4,33882.290322580644
"39.7175,140.9033333",2017,2.0516129032258066,2.939285714285714,6.54516129032258,14.59,21.419354838709676,22.166666666666668,28.251612903225805,26.177419354838708,23.533333333333335,16.429032258064517,9.946666666666665,2.5483870967741935,-3.9967741935483874,-3.1142857142857143,-1.3838709677419354,4.386666666666667,10.783870967741937,13.389999999999999,20.112903225806452,19.299999999999997,14.193333333333333,8.393548387096773,2.763333333333333,-2.6322580645161286,-0.9225806451612903,-0.0142857142857143,2.480645161290323,9.383333333333333,16.15483870967742,17.733333333333334,24.174193548387095,22.567741935483873,18.526666666666664,12.303225806451612,6.253333333333333,-0.13225806451612906,-4.370967741935484,-4.260714285714286,-2.0999999999999996,2.98,9.403225806451612,12.96,20.164516129032258,19.425806451612903,14.629999999999999,9.141935483870967,2.0766666666666667,-2.92258064516129,78.53870967741935,74.53571428571429,73.83225806451614,67.73333333333333,68.24193548387096,75.61999999999999,80.03548387096774,83.4258064516129,79.83,82.7258064516129,76.24,82.23548387096774,1.6213548387096774,2.46775,1.3820322580645164,2.3371000000000004,2.812806451612903,3.495966666666667,10.458645161290324,6.019709677419354,5.609433333333333,5.992677419354838,1.4257666666666668,2.0108709677419356,87.09677419354838,85.71428571428571,70.96774193548387,63.333333333333336,41.935483870967744,50.0,54.83870967741935,58.064516129032256,50.0,48.38709677419355,70.0,93.54838709677419,7.124193548387097,6.845,5.10741935483871,3.473666666666667,3.3606451612903228,5.278333333333333,4.70483870967742,4.435161290322581,3.6116666666666664,4.704516129032259,5.417,8.198709677419355,7.803703703703703,12.635714285714286,3.2857142857142856,,,,,,,,2.5,4.014814814814815,51.825,54.472727272727276,46.693333333333335,52.333333333333336,42.885714285714286,43.85,38.266666666666666,46.666666666666664,46.81428571428571,58.425,47.13636363636363,57.34285714285714,18.12258064516129,18.775000000000002,19.067741935483873,23.55666666666667,17.961290322580645,18.596666666666668,15.796774193548387,17.83225806451613,18.913333333333334,16.309677419354838,19.626666666666665,18.493548387096773,18.12258064516129,18.775000000000002,19.067741935483873,23.55666666666667,17.961290322580645,18.596666666666668,15.796774193548387,17.83225806451613,18.913333333333334,16.309677419354838,19.626666666666665,18.493548387096773,10.119354838709677,10.807142857142859,9.95483870967742,12.076666666666666,10.041935483870969,10.68,8.838709677419354,10.95483870967742,9.973333333333333,8.754838709677419,10.546666666666665,10.258064516129032,3.883870967741936,4.482142857142857,3.4387096774193546,3.7333333333333334,3.480645161290323,4.09,3.4838709677419355,5.032258064516129,3.9233333333333333,3.1903225806451614,3.8600000000000003,4.141935483870968,1014.9064516129032,1013.1392857142857,1014.6096774193549,1012.3166666666667,1012.2903225806451,1008.4766666666667,1008.516129032258,1008.5870967741936,1011.9133333333334,1019.5354838709677,1017.2333333333333,1015.5548387096775,61.983870967741936,60.096428571428575,57.37419354838709,58.43,55.10322580645161,60.52333333333333,59.90967741935484,63.76129032258064,53.36333333333334,64.03225806451613,58.67666666666666,63.89354838709678,75.74516129032257,102.25,152.20322580645163,218.25,260.2967741935484,254.28333333333333,250.53870967741935,220.7741935483871,198.16666666666666,116.16129032258064,87.60333333333332,54.33548387096774,6.554838709677419,8.782142857142857,13.16451612903226,18.863333333333333,22.46451612903226,21.983333333333334,21.641935483870967,19.048387096774192,17.086666666666666,10.016129032258064,7.513333333333334,4.683870967741935,3.3225806451612905,4.214285714285714,5.32258064516129,7.533333333333333,8.03225806451613,7.833333333333333,7.806451612903226,7.354838709677419,6.766666666666667,4.67741935483871,3.7,2.3870967741935485,35013.645161290326,38545.75,43041.354838709674,47741.1,51724.967741935485,53755.066666666666,52776.290322580644,49315.6129032258,44832.63333333333,40158.709677419356,36043.8,33887.1935483871
"39.7175,140.9033333",2018,1.3290322580645162,1.1107142857142858,9.258064516129032,14.643333333333334,20.358064516129033,23.52,28.61935483870968,27.664516129032258,23.2,18.664516129032258,12.07,4.390322580645161,-4.825806451612903,-6.182142857142857,-0.6,5.3933333333333335,10.26774193548387,14.576666666666666,21.1,19.822580645161292,15.653333333333334,9.380645161290323,2.57,-1.7193548387096773,-1.6225806451612903,-2.567857142857143,4.187096774193549,9.876666666666667,15.325806451612904,19.116666666666667,24.73225806451613,23.54516129032258,19.25,13.738709677419354,7.196666666666667,1.0451612903225806,-5.516129032258065,-6.182142857142857,-1.6709677419354838,3.7233333333333336,9.393548387096773,14.26,20.993548387096773,19.509677419354837,16.16,9.98709677419355,3.57,-2.861290322580645,75.99677419354839,77.47857142857143,68.46451612903226,69.30333333333333,70.53548387096774,75.32,81.21935483870968,79.58064516129032,83.78333333333333,80.0741935483871,79.53999999999999,76.60967741935484,1.464032258064516,3.099321428571429,4.266612903225807,3.5494,6.038870967741935,3.8019000000000003,3.5709354838709677,5.398645161290323,6.170100000000001,2.6383548387096774,1.2577333333333334,2.0412580645161293,83.87096774193549,75.0,35.483870967741936,50.0,51.61290322580645,40.0,38.70967741935484,41.935483870967744,50.0,45.16129032258065,40.0,77.41935483870968,6.85516129032258,6.547142857142857,2.822903225806452,4.167333333333334,4.301612903225807,3.333666666666667,3.494193548387097,3.763225806451613,4.723,4.973548387096774,2.778,6.316129032258065,6.121428571428572,22.857142857142858,15.114285714285714,,,,,,,,1.0,4.728571428571429,49.0,53.15384615384615,53.728571428571435,45.03846153846154,45.833333333333336,49.75714285714286,47.675,45.55,43.125,49.5875,45.525,56.00769230769231,18.40967741935484,18.974999999999998,21.42258064516129,21.326666666666664,20.451612903225808,19.009999999999998,17.293548387096774,17.83225806451613,17.59,16.79032258064516,14.99,18.68064516129032,18.40967741935484,18.974999999999998,21.42258064516129,21.326666666666664,20.451612903225808,19.009999999999998,17.293548387096774,17.83225806451613,17.59,16.79032258064516,14.99,18.68064516129032,10.196774193548388,10.364285714285714,11.896774193548387,11.389999999999999,11.251612903225807,11.413333333333332,9.783870967741937,10.403225806451612,8.953333333333335,9.12258064516129,7.803333333333333,10.141935483870967,3.9322580645161294,4.439285714285714,4.148387096774194,4.11,3.870967741935484,4.7266666666666675,3.9096774193548387,4.264516129032258,3.2766666666666664,3.3741935483870966,2.996666666666667,3.519354838709677,1013.667741935484,1016.725,1017.7741935483871,1014.4599999999999,1011.4322580645162,1009.3233333333334,1010.5064516129032,1009.2548387096774,1014.34,1016.4387096774193,1020.8033333333333,1018.5612903225807,73.87741935483871,70.85,62.86774193548387,69.33999999999999,72.09677419354838,73.84333333333333,76.75161290322582,69.66129032258064,74.58999999999999,62.18064516129032,62.71333333333334,70.20322580645161,68.53548387096774,113.46071428571429,166.7,190.72333333333333,233.78709677419357,247.61,256.44193548387096,230.17419354838708,160.4,147.0258064516129,97.38333333333334,65.18064516129031,5.877419354838709,9.807142857142859,14.399999999999999,16.470000000000002,20.193548387096776,21.39,22.16774193548387,19.83225806451613,13.84,12.687096774193549,8.389999999999999,5.658064516129032,3.0,4.464285714285714,5.935483870967742,6.533333333333333,7.516129032258065,7.733333333333333,7.67741935483871,7.32258064516129,5.866666666666666,5.645161290322581,4.1,2.935483870967742,34992.12903225807,38510.71428571428,43003.06451612903,47705.333333333336,51699.06451612903,53750.46666666667,52795.51612903226,49348.83870967742,44870.066666666666,40194.967741935485,36070.96666666667,33891.967741935485
"39.7175,140.9033333",2019,2.329032258064516,3.757142857142857,8.680645161290323,13.423333333333334,22.53548387096774,23.183333333333334,26.822580645161292,29.59032258064516,25.09,18.83225806451613,10.47,4.809677419354839,-4.070967741935484,-3.457142857142857,-0.5903225806451613,2.5900000000000003,10.293548387096775,14.346666666666666,19.248387096774195,21.470967741935485,15.91,9.770967741935483,1.6333333333333333,-1.6419354838709677,-0.8290322580645161,0.0285714285714286,4.04516129032258,8.2,16.380645161290325,18.696666666666665,22.761290322580646,25.39032258064516,20.40666666666667,14.30967741935484,6.166666666666667,1.5806451612903225,-5.438709677419355,-5.021428571428571,-2.0903225806451613,1.8166666666666667,8.40967741935484,14.120000000000001,18.970967741935485,21.51290322580645,16.27,11.016129032258064,1.7233333333333334,-1.8612903225806452,72.12258064516129,70.76785714285714,67.20322580645161,68.17,62.832258064516125,76.78,80.30967741935484,80.54838709677419,79.00666666666666,82.23225806451612,74.83999999999999,79.01290322580645,0.803741935483871,1.595,1.6802580645161291,2.6444,2.4901290322580647,4.310666666666666,1.595709677419355,3.1149354838709677,1.9802000000000002,5.150645161290323,2.3925333333333336,2.5321290322580645,61.29032258064516,67.85714285714286,48.38709677419355,50.0,25.806451612903224,50.0,45.16129032258065,48.38709677419355,50.0,58.064516129032256,70.0,74.19354838709677,4.435806451612903,4.762142857142857,3.4951612903225806,3.8883333333333336,1.4787096774193549,3.8883333333333336,2.8235483870967744,3.6296774193548385,3.195333333333333,4.033225806451613,4.306333333333333,6.048709677419355,5.800000000000001,5.553333333333333,6.62,4.7,,,,,,,0.5,4.964705882352941,55.27777777777778,51.73076923076923,47.90588235294118,48.92307692307692,50.0,48.86,37.55,45.833333333333336,48.2,48.7125,52.25833333333333,49.707142857142856,19.82903225806452,19.517857142857142,22.248387096774195,22.993333333333332,23.403225806451612,19.44,18.561290322580643,18.038709677419355,15.996666666666666,18.700000000000003,18.303333333333335,17.358064516129033,19.82903225806452,19.517857142857142,22.248387096774195,22.993333333333332,23.403225806451612,19.44,18.561290322580643,18.038709677419355,15.996666666666666,18.700000000000003,18.303333333333335,17.358064516129033,11.23225806451613,10.696428571428571,11.993548387096775,11.936666666666667,12.574193548387097,11.139999999999999,11.293548387096775,10.19032258064516,8.676666666666668,10.135483870967741,10.21,10.093548387096773,4.419354838709677,3.7964285714285713,3.9548387096774196,3.9466666666666663,4.319354838709677,3.8766666666666665,5.074193548387097,3.9419354838709677,3.4,3.7419354838709675,4.06,3.8193548387096774,1015.8516129032258,1018.3142857142857,1013.1870967741935,1013.0300000000001,1012.8032258064517,1008.01,1009.9064516129032,1008.6935483870968,1015.9300000000001,1017.8451612903226,1018.8166666666667,1019.7096774193549,56.42580645161291,58.775,57.65483870967742,57.03666666666666,49.0,61.96666666666667,62.54838709677419,61.041935483870965,58.05,58.47741935483871,58.07666666666667,58.096774193548384,77.49032258064516,105.48928571428571,156.8,220.88,279.8806451612903,239.61333333333334,263.19354838709677,240.41290322580645,201.2,128.49354838709678,99.61999999999999,66.25161290322582,6.683870967741935,9.10357142857143,13.509677419354839,19.063333333333333,24.16774193548387,20.7,22.72258064516129,20.758064516129032,17.35666666666667,11.09032258064516,8.6,5.745161290322581,3.2903225806451615,4.107142857142857,5.580645161290323,7.366666666666666,8.580645161290322,7.533333333333333,8.35483870967742,7.709677419354839,6.866666666666666,5.064516129032258,4.266666666666667,3.032258064516129,34970.645161290326,38475.857142857145,42964.903225806454,47669.63333333333,51673.3870967742,53745.76666666667,52814.645161290326,49381.87096774193,44907.333333333336,40231.1935483871,36098.333333333336,33897.06451612903
"39.7175,140.9033333",2020,3.570967741935484,4.541379310344827,9.45483870967742,11.836666666666668,20.05806451612903,25.03666666666667,24.703225806451613,29.66774193548387,25.506666666666668,17.20967741935484,11.22,3.264516129032258,-2.4967741935483874,-2.2,0.25806451612903225,2.8866666666666663,9.925806451612903,14.823333333333332,18.96451612903226,21.66774193548387,17.826666666666664,8.98709677419355,3.006666666666667,-3.1258064516129034,0.41935483870967744,1.1344827586206896,5.0,7.493333333333334,15.209677419354838,20.283333333333335,21.65806451612903,25.39032258064516,21.279999999999998,12.925806451612903,7.016666666666667,0.14516129032258066,-3.229032258064516,-2.8000000000000003,-0.17419354838709666,1.9333333333333333,9.929032258064517,15.05,19.467741935483872,21.812903225806455,17.71333333333333,9.451612903225806,3.3233333333333333,-3.1548387096774193,77.85806451612903,76.54827586206896,71.80645161290323,70.14333333333335,73.61290322580645,74.03999999999999,88.13548387096773,81.85806451612903,81.37666666666668,80.93548387096774,78.71666666666667,79.75483870967743,1.4846774193548387,2.051896551724138,3.5360322580645165,3.059766666666667,3.052741935483871,3.989633333333333,14.666354838709678,6.70141935483871,4.124733333333333,2.6062258064516133,2.3634,1.2710322580645161,64.51612903225806,89.65517241379311,61.29032258064516,63.333333333333336,64.51612903225806,46.666666666666664,77.41935483870968,41.935483870967744,56.666666666666664,61.29032258064516,70.0,83.87096774193549,4.7051612903225815,6.178965517241379,4.167096774193548,5.972333333333334,4.7051612903225815,3.056,6.989677419354839,3.7638709677419357,4.862,4.70483870967742,6.389333333333334,6.451290322580645,5.432142857142857,,,,,,,,,,,2.923076923076923,49.46363636363637,47.95,51.794117647058826,49.995,47.37777777777777,44.55,44.45,38.266666666666666,47.2375,46.06666666666666,48.410000000000004,51.519999999999996,17.083870967741937,19.158620689655173,22.638709677419353,24.15,19.89032258064516,19.226666666666667,15.974193548387097,17.712903225806453,17.759999999999998,15.083870967741936,17.240000000000002,17.08709677419355,17.083870967741937,19.158620689655173,22.638709677419353,24.15,19.89032258064516,19.226666666666667,15.974193548387097,17.712903225806453,17.759999999999998,15.083870967741936,17.240000000000002,17.08709677419355,9.422580645161291,10.66551724137931,12.196774193548388,13.396666666666667,10.625806451612902,10.686666666666667,9.332258064516129,10.103225806451613,10.45,8.535483870967743,9.57,9.66451612903226,3.635483870967742,3.5103448275862066,3.970967741935484,5.093333333333334,3.5483870967741935,3.893333333333333,3.7419354838709675,3.7193548387096773,4.3566666666666665,3.5161290322580645,4.086666666666667,3.92258064516129,1017.6258064516129,1018.606896551724,1013.8258064516128,1013.4133333333334,1011.3290322580646,1007.65,1009.1161290322581,1011.1064516129032,1013.8733333333333,1017.9709677419354,1020.1166666666667,1016.5451612903227,60.89677419354839,58.16896551724138,52.987096774193546,50.06333333333334,58.70967741935484,54.93666666666666,66.04193548387097,55.83870967741935,58.25333333333333,64.04193548387097,66.16666666666667,75.5516129032258,72.51612903225806,101.12413793103448,167.50967741935486,204.57666666666668,234.55161290322582,272.7633333333333,191.38709677419354,251.43870967741935,175.7466666666667,124.79677419354839,95.24666666666667,58.32258064516129,6.258064516129032,8.73448275862069,14.474193548387097,17.696666666666665,20.225806451612904,23.57,16.5,21.687096774193545,15.18,10.770967741935483,8.21,5.009677419354839,3.064516129032258,4.068965517241379,6.064516129032258,6.9,7.354838709677419,8.466666666666667,6.290322580645161,8.03225806451613,6.366666666666666,4.806451612903226,4.0,2.5806451612903225,34949.41935483871,38514.65517241379,43083.54838709677,47781.433333333334,51754.58064516129,53760.96666666667,52755.3870967742,49279.096774193546,44790.833333333336,40117.967741935485,36012.8,33880.67741935484
"39.7175,140.9033333",2021,0.4419354838709677,3.85,10.403225806451612,14.523333333333333,19.229032258064517,25.446666666666665,28.73225806451613,27.54516129032258,24.14,17.70967741935484,12.523333333333333,4.396774193548388,-6.125806451612903,-4.421428571428572,0.9419354838709677,3.893333333333333,10.709677419354838,16.256666666666668,21.138709677419353,20.716129032258067,15.020000000000001,9.419354838709678,4.12,-1.8354838709677421,-2.7129032258064516,-0.31785714285714295,5.719354838709678,9.436666666666667,14.98709677419355,20.543333333333337,24.603225806451615,23.93548387096774,19.373333333333335,13.338709677419354,7.913333333333333,1.3225806451612903,-5.793548387096774,-4.357142857142857,0.06451612903225809,2.5533333333333332,9.980645161290322,15.7,20.932258064516127,20.92258064516129,15.35,10.37741935483871,5.1866666666666665,-1.729032258064516,80.38064516129033,75.54642857142858,69.1741935483871,65.40333333333334,74.38709677419355,75.61333333333333,81.3967741935484,84.29677419354839,79.13666666666667,83.61290322580645,84.17,81.0741935483871,2.8691612903225807,2.430285714285714,2.9823870967741937,4.392833333333333,4.389387096774193,2.7738,5.277290322580646,5.551548387096775,2.1891666666666665,2.999225806451613,4.7674666666666665,3.356709677419355,77.41935483870968,82.14285714285714,41.935483870967744,43.333333333333336,74.19354838709677,33.333333333333336,51.61290322580645,67.74193548387096,30.0,61.29032258064516,73.33333333333333,90.3225806451613,8.199677419354838,8.779642857142857,3.495161290322581,3.333666666666667,5.9148387096774195,2.5006666666666666,4.300967741935485,4.839032258064516,2.222,5.107096774193548,7.222666666666667,8.064193548387097,12.716666666666667,2.975,,,,,,,,,,2.142857142857143,58.20666666666667,55.978947368421046,51.5625,48.12222222222223,59.59166666666667,40.199999999999996,44.6,36.739999999999995,38.65,48.98,40.542857142857144,55.66923076923077,19.46451612903226,20.967857142857145,21.37741935483871,24.613333333333333,21.958064516129035,19.923333333333336,17.54516129032258,17.18064516129032,17.726666666666667,17.18064516129032,16.720000000000002,18.90967741935484,19.46451612903226,20.967857142857145,21.37741935483871,24.613333333333333,21.958064516129035,19.923333333333336,17.54516129032258,17.18064516129032,17.726666666666667,17.18064516129032,16.720000000000002,18.90967741935484,10.083870967741936,12.664285714285715,11.399999999999999,13.520000000000001,11.716129032258063,10.71,10.051612903225807,10.27741935483871,9.96,8.729032258064517,8.933333333333334,10.693548387096774,3.735483870967742,4.914285714285714,3.767741935483871,4.653333333333333,3.9741935483870967,3.6666666666666665,3.703225806451613,4.16774193548387,3.46,3.341935483870968,3.643333333333333,4.483870967741935,1017.2548387096774,1013.5230769230768,1017.9612903225806,1017.6233333333333,1009.0709677419355,1010.2099999999999,1010.7774193548387,1010.1806451612903,1015.63,1019.0451612903227,1015.84,1015.5806451612904,75.27741935483871,69.71428571428571,68.48387096774194,62.083333333333336,71.26774193548388,63.666666666666664,66.85806451612903,72.58709677419354,62.49666666666667,64.41612903225807,67.16666666666667,77.08709677419354,72.75161290322582,110.34285714285714,171.1258064516129,226.71,248.94193548387096,267.8333333333333,246.2258064516129,199.7,201.29333333333335,136.53548387096777,92.85666666666665,58.306451612903224,6.264516129032257,9.532142857142857,14.748387096774193,19.59333333333333,21.496774193548386,23.153333333333332,21.20967741935484,17.274193548387096,17.39,11.832258064516129,8.0,5.029032258064516,3.193548387096774,4.464285714285714,6.290322580645161,7.366666666666666,8.096774193548388,8.2,7.741935483870968,6.354838709677419,7.066666666666666,5.129032258064516,3.9,2.838709677419355,35015.032258064515,38548.96428571428,43045.645161290326,47745.86666666667,51729.16129032258,53756.76666666667,52774.87096774193,49311.83870967742,44827.96666666667,40153.967741935485,36039.566666666666,33885.16129032258
"39.7175,140.9033333",2022,1.0903225806451613,2.032142857142857,7.77741935483871,16.37666666666667,20.906451612903226,22.86,28.661290322580644,26.87741935483871,25.313333333333333,17.58709677419355,12.883333333333333,3.2193548387096773,-5.416129032258064,-4.482142857142857,-0.767741935483871,4.1466666666666665,10.32258064516129,15.406666666666666,20.883870967741935,19.674193548387095,16.826666666666668,7.896774193548388,3.3633333333333337,-2.0806451612903225,-2.061290322580645,-1.1500000000000001,3.564516129032258,10.53,15.729032258064517,19.15666666666667,24.509677419354837,23.34193548387097,20.823333333333334,12.506451612903225,7.996666666666667,0.48709677419354835,-5.570967741935483,-5.442857142857143,-1.1290322580645162,3.7366666666666664,9.47741935483871,15.186666666666667,21.17096774193548,20.870967741935484,17.77,9.412903225806453,4.6899999999999995,-1.9,77.82903225806452,73.72500000000001,73.6774193548387,66.66333333333334,69.51612903225806,79.14,82.95161290322581,86.93225806451613,83.80333333333333,82.96129032258065,81.23333333333333,84.76129032258065,1.9284193548387096,1.0359642857142857,4.562290322580646,2.2498333333333336,2.9923870967741935,4.0813,2.917741935483871,12.436032258064516,3.355566666666667,2.1868387096774193,1.7288999999999999,2.1548387096774193,83.87096774193549,67.85714285714286,77.41935483870968,33.333333333333336,38.70967741935484,56.666666666666664,48.38709677419355,74.19354838709677,23.333333333333332,25.806451612903224,53.333333333333336,74.19354838709677,6.451290322580645,5.059642857142857,5.376774193548387,2.5,2.822903225806452,4.583333333333333,3.2261290322580645,7.258064516129032,1.5283333333333333,1.7474193548387098,2.501333333333333,4.168064516129032,67.40322580645162,87.82142857142857,21.919354838709676,2.0766666666666667,0.0032258064516129032,0.0,0.0,0.0,0.0,0.0,0.0,7.9,39.228571428571435,40.74285714285714,34.11612903225806,31.663333333333334,30.238709677419354,31.310000000000002,16.870967741935484,26.580645161290324,18.88,21.02258064516129,27.373333333333335,41.809677419354834,18.848387096774193,19.789285714285715,21.677419354838708,21.526666666666664,20.96451612903226,21.133333333333333,16.551612903225806,18.44516129032258,17.82333333333333,15.061290322580644,16.946666666666665,17.358064516129033,18.848387096774193,19.789285714285715,21.677419354838708,21.526666666666664,20.96451612903226,21.133333333333333,16.551612903225806,18.44516129032258,17.82333333333333,15.061290322580644,16.946666666666665,17.358064516129033,10.303225806451612,10.853571428571428,11.338709677419354,11.736666666666668,11.606451612903227,12.2,9.270967741935483,10.316129032258065,9.55,8.296774193548387,8.766666666666667,9.567741935483872,4.064516129032258,4.203571428571428,3.738709677419355,3.69,3.7806451612903227,4.75,3.52258064516129,3.8483870967741933,3.746666666666667,3.1580645161290324,3.106666666666667,4.048387096774194,1014.5838709677419,1015.8249999999999,1015.0838709677419,1016.8866666666667,1012.5129032258066,1010.0366666666666,1008.0419354838709,1008.1870967741935,1014.61,1019.9774193548387,1018.83,1014.2741935483871,70.19677419354838,69.43214285714285,70.10645161290323,54.480000000000004,59.34838709677419,73.82333333333332,68.5,79.16129032258064,72.79666666666667,63.0516129032258,58.763333333333335,73.54193548387097,94.39354838709677,143.025,169.39354838709676,224.57333333333332,243.0193548387097,213.59333333333333,230.48387096774192,156.3096774193548,143.82000000000002,121.53548387096774,98.79666666666667,78.38064516129033,8.151612903225805,12.360714285714286,14.329032258064515,19.396666666666665,20.980645161290322,18.42,19.91290322580645,13.48709677419355,12.389999999999999,10.47741935483871,8.503333333333334,6.751612903225807,3.806451612903226,5.071428571428571,6.129032258064516,7.666666666666667,7.935483870967742,7.2,7.774193548387097,6.32258064516129,5.466666666666667,4.935483870967742,4.466666666666667,3.5806451612903225,34993.51612903226,38514.107142857145,43007.709677419356,47710.46666666667,51703.48387096774,53752.5,52794.0,49344.77419354839,44865.23333333333,40189.903225806454,36066.63333333333,33890.16129032258
"39.7175,140.9033333",2023,1.5741935483870966,2.9892857142857143,12.30967741935484,15.893333333333334,20.280645161290323,24.37,28.567741935483873,32.78064516129032,27.44333333333333,18.822580645161292,12.096666666666666,5.096774193548387,-3.8774193548387097,-4.1000000000000005,1.3774193548387097,4.176666666666667,6.987096774193549,12.9,20.641935483870967,22.770967741935483,18.48,8.712903225806452,4.536666666666666,-0.9032258064516129,-1.1741935483870967,-0.5142857142857143,6.864516129032259,10.446666666666665,14.087096774193547,19.396666666666665,24.677419354838708,27.73225806451613,22.743333333333332,13.503225806451614,8.193333333333333,1.974193548387097,-4.948387096774193,-4.360714285714286,0.9193548387096774,3.2666666666666666,8.82258064516129,15.826666666666666,21.325806451612905,23.822580645161292,19.946666666666665,10.283870967741937,5.343333333333334,-1.0032258064516129,76.54838709677419,76.63571428571429,68.81935483870969,64.76333333333334,74.14193548387097,81.72,82.81290322580645,80.59677419354838,85.48,82.60967741935484,83.44333333333334,81.74838709677418,1.133225806451613,1.6750357142857142,2.7704193548387095,3.3592333333333335,2.59841935483871,4.963766666666667,8.461225806451614,4.846193548387097,5.724333333333333,2.080483870967742,3.7892,3.1812903225806455,38.70967741935484,42.857142857142854,29.032258064516128,46.666666666666664,61.29032258064516,86.66666666666667,51.61290322580645,58.064516129032256,63.333333333333336,41.935483870967744,50.0,48.38709677419355,2.1509677419354842,2.084285714285714,2.150645161290323,3.334,7.796129032258064,9.167,4.570967741935484,5.107741935483871,4.5840000000000005,2.823225806451613,4.027333333333333,3.0916129032258066,8.948387096774193,9.160714285714286,0.964516129032258,0.0,0.054838709677419356,0.0,0.0,0.0,0.0,0.0,0.25,5.519354838709678,44.60967741935483,37.78928571428571,30.716129032258067,41.46333333333334,29.719354838709677,24.790000000000003,25.648387096774194,21.419354838709676,16.87666666666667,28.70967741935484,39.93,35.13870967741936,21.22258064516129,18.435714285714287,19.325806451612905,24.98,20.838709677419356,19.153333333333332,17.37741935483871,20.05806451612903,15.336666666666668,17.038709677419355,18.276666666666664,18.18064516129032,21.22258064516129,18.435714285714287,19.325806451612905,24.98,20.838709677419356,19.153333333333332,17.37741935483871,20.05806451612903,15.336666666666668,17.038709677419355,18.276666666666664,18.18064516129032,11.206451612903225,9.557142857142859,9.912903225806453,12.463333333333333,10.338709677419354,9.506666666666666,10.074193548387097,11.109677419354838,8.110000000000001,8.97741935483871,9.6,9.893548387096773,4.558064516129033,3.564285714285714,3.0580645161290323,3.4433333333333334,2.77741935483871,2.5833333333333335,3.92258064516129,3.7806451612903227,2.8366666666666664,3.232258064516129,4.13,3.883870967741936,1015.7225806451613,1019.8714285714286,1019.7258064516129,1013.7833333333333,1014.0064516129032,1008.6133333333333,1009.5290322580646,1009.6290322580645,1013.0366666666666,1014.316129032258,1016.2233333333334,1018.6064516129032,70.84516129032258,69.175,59.63548387096775,61.07666666666667,66.70967741935483,74.61666666666666,71.56774193548387,64.11935483870968,73.36333333333333,60.47096774193548,71.2,74.0516129032258,97.91612903225807,138.14642857142857,184.07419354838711,230.4466666666667,236.3548387096774,221.35,221.041935483871,237.3548387096774,152.23333333333332,142.9774193548387,80.70333333333333,73.93870967741935,8.47741935483871,11.924999999999999,15.922580645161291,19.89333333333333,20.406451612903226,19.11,19.08709677419355,20.51290322580645,13.126666666666667,12.358064516129033,6.993333333333334,6.348387096774194,4.258064516129032,5.464285714285714,6.709677419354839,7.766666666666667,7.67741935483871,7.4,7.129032258064516,7.870967741935484,6.033333333333333,5.935483870967742,3.8666666666666667,3.4838709677419355,34972.22580645161,38479.57142857143,42969.903225806454,47674.73333333333,51678.032258064515,53747.7,52813.06451612903,49377.48387096774,44902.1,40225.8064516129,36093.76666666667,33895.16129032258
