name,latitude,longitude,datetime,tempmax,tempmin,temp,feelslikemax,feelslikemin,feelslike,dew,humidity,precip,precipprob,precipcover,preciptype,snow,snowdepth,windgust,windspeed,windspeedmax,windspeedmean,windspeedmin,winddir,sealevelpressure,cloudcover,visibility,solarradiation,solarenergy,uvindex,severerisk,sunrise,sunset,source
"44.01777778,144.2797222",44.018,144.28,2020-01-01,-3.3,-9.1,-6.3,-5.1,-13.9,-11,-15.9,47.8,8,100,4.17,snow,4,2.3,,24.1,24.1,11.9,4.2,243.8,1008,36,15.6,55.5,4.8,2,,2020-01-01T06:57:43,2020-01-01T15:54:29,obs
"44.01777778,144.2797222",44.018,144.28,2020-01-02,-2.4,-7.9,-5.5,-5.7,-13,-9.7,-13.3,54.7,0,0,0,,0,3.1,40.7,20.5,20.5,10.7,1.8,250.8,1010.4,29,15.3,68.7,5.9,4,,2020-01-02T06:57:48,2020-01-02T15:55:21,obs
"44.01777778,144.2797222",44.018,144.28,2020-01-03,-0.3,-6.8,-4.1,-2.7,-13.6,-8.6,-10.3,62.8,0,0,0,"rain,snow",0.6,3.2,,20.5,20.5,12.5,3.6,265.5,1009,51,14.2,80.2,7,4,,2020-01-03T06:57:50,2020-01-03T15:56:16,obs
"44.01777778,144.2797222",44.018,144.28,2020-01-04,-4.6,-9.1,-7.1,-10.1,-14.8,-12.3,-13.3,62,0.5,100,4.17,snow,0.4,3.9,,14.8,14.8,12.2,7.6,273.1,1011.3,31.8,15,72.3,6.3,4,,2020-01-04T06:57:50,2020-01-04T15:57:12,obs
"44.01777778,144.2797222",44.018,144.28,2020-01-05,-3,-10.1,-6.5,-8.2,-15.9,-11.9,-12.6,62.4,0.5,100,4.17,snow,0.6,4.2,,20.5,20.5,13.3,9.4,271.4,1015.1,31.9,12.9,72.9,6.3,4,,2020-01-05T06:57:47,2020-01-05T15:58:10,obs
"44.01777778,144.2797222",44.018,144.28,2020-01-06,-0.9,-7.6,-3.7,-7.7,-13.5,-10.5,-8.9,68.2,2,100,4.17,snow,0.4,4.1,70.6,37.1,37.1,25.1,13,304.6,1017,51.8,10.4,61.8,5.2,3,,2020-01-06T06:57:42,2020-01-06T15:59:10,obs
"44.01777778,144.2797222",44.018,144.28,2020-01-07,-1.1,-10.4,-2.1,-2.5,-15,-6.4,-6.2,73.7,3,100,8.33,"rain,snow",0,1.3,,33.5,33.5,16,3.6,340.2,1025.5,73.1,13.8,70.7,6.1,3,,2020-01-07T06:57:34,2020-01-07T16:00:11,obs
"44.01777778,144.2797222",44.018,144.28,2020-01-08,-1.4,-4.9,-2.9,-1.9,-7.4,-5.4,-6.8,75,0,0,0,"rain,snow",0.6,1.2,,13,13,7,1.8,164.6,1014.8,81,14.7,38.2,3.2,2,,2020-01-08T06:57:23,2020-01-08T16:01:15,obs
"44.01777778,144.2797222",44.018,144.28,2020-01-09,-1.8,-4.3,-3,-5.7,-10.3,-8.5,-7.7,70.7,1,100,8.33,"rain,snow",0.4,1.9,,27.7,27.7,18.2,7.6,345,1011.7,68.9,11.4,64.7,5.6,3,,2020-01-09T06:57:11,2020-01-09T16:02:19,obs
"44.01777778,144.2797222",44.018,144.28,2020-01-10,-1.9,-5.2,-3.5,-5.9,-10.9,-8.4,-9.1,65.8,0,0,0,,0,2,,27.7,27.7,14.5,5.4,310.6,1017.8,38.7,15.3,91,7.9,4,,2020-01-10T06:56:55,2020-01-10T16:03:25,obs
"44.01777778,144.2797222",44.018,144.28,2020-01-11,0.1,-7.8,-3.7,-0.7,-10.9,-5.8,-7.2,77.4,0.5,100,4.17,snow,0,2,,14.8,14.8,5.9,1.8,177.1,1013.9,46.5,14.2,75.5,6.6,4,,2020-01-11T06:56:37,2020-01-11T16:04:32,obs
"44.01777778,144.2797222",44.018,144.28,2020-01-12,-0.9,-8.8,-3.5,-2,-13.5,-6.1,-5.6,85.5,0,0,0,"rain,snow",1.9,2.7,,13,13,6.6,0,288.3,1009.7,50.8,10.8,63.6,5.4,3,,2020-01-12T06:56:17,2020-01-12T16:05:41,obs
"44.01777778,144.2797222",44.018,144.28,2020-01-13,-1.4,-7.1,-3.3,-2.6,-11.6,-5.8,-6.6,78.4,0,0,0,snow,1.2,4.4,,13,13,6.9,3.6,305.8,1012.1,57.3,13.4,68.3,5.9,3,,2020-01-13T06:55:54,2020-01-13T16:06:51,obs
"44.01777778,144.2797222",44.018,144.28,2020-01-14,-1,-13.1,-5.5,-2.9,-18.3,-9.1,-10.3,70.8,0,0,0,"rain,snow",0.6,3.4,,14.8,14.8,8.3,3.6,273.1,1020.2,36.4,17.7,81.7,7.1,4,,2020-01-14T06:55:29,2020-01-14T16:08:02,obs
"44.01777778,144.2797222",44.018,144.28,2020-01-15,-2.7,-6.9,-4.6,-2.7,-11.3,-7.1,-7.9,77.9,0.5,100,4.17,snow,0.4,3.9,,11.2,11.2,6,3.6,260.3,1021.4,52.8,12.9,93.6,7.9,4,,2020-01-15T06:55:02,2020-01-15T16:09:15,obs
"44.01777778,144.2797222",44.018,144.28,2020-01-16,-3.7,-6.8,-5.1,-4.2,-11.4,-8.3,-8.9,75,0,0,0,,0,3.8,,13,13,7.7,3.6,240.6,1017.1,49.5,12.3,71.9,6.2,3,,2020-01-16T06:54:32,2020-01-16T16:10:28,obs
"44.01777778,144.2797222",44.018,144.28,2020-01-17,-1.4,-6.8,-4.4,-1.4,-11.9,-8.2,-10.1,65.8,0,0,0,,0,3.1,,16.6,16.6,10.2,3.6,248.8,1016.8,38.6,17.2,84.1,7.2,4,,2020-01-17T06:53:59,2020-01-17T16:11:43,obs
"44.01777778,144.2797222",44.018,144.28,2020-01-18,-1.7,-11,-5.8,-1.9,-16.1,-9,-11.7,64.3,0,0,0,,0,3,,13,13,7.5,1.8,215.4,1020.2,36.9,18.8,108.6,9.3,5,,2020-01-18T06:53:25,2020-01-18T16:12:58,obs
"44.01777778,144.2797222",44.018,144.28,2020-01-19,-1.8,-9.8,-5.7,-3.7,-11.9,-8.1,-10.2,70.8,0,0,0,,0,3,,11.2,11.2,6.1,1.8,168.5,1016,60.3,17.5,97.5,8.4,4,,2020-01-19T06:52:48,2020-01-19T16:14:14,obs
"44.01777778,144.2797222",44.018,144.28,2020-01-20,-2.5,-6.1,-3.7,-2.5,-10.8,-6.1,-6.3,82.8,5,100,8.33,snow,5,4.7,,11.2,11.2,6.4,0,187,1009.6,82.4,7.8,33.4,2.9,2,,2020-01-20T06:52:08,2020-01-20T16:15:31,obs
"44.01777778,144.2797222",44.018,144.28,2020-01-21,-3.1,-5.3,-4.1,-6.3,-11.7,-9.4,-7.9,75.6,2,100,8.33,snow,3,10.1,38.9,25.9,25.9,16.1,5.4,312.2,1014.2,67.9,9.7,67.8,5.8,3,,2020-01-21T06:51:27,2020-01-21T16:16:49,obs
"44.01777778,144.2797222",44.018,144.28,2020-01-22,1.1,-8.8,-3.3,-1.4,-14.2,-7.7,-9.6,62.2,0,0,0,,0,8.9,,24.1,24.1,13,5.4,224.1,1021.5,34.2,16.3,103.1,8.9,5,,2020-01-22T06:50:43,2020-01-22T16:18:08,obs
"44.01777778,144.2797222",44.018,144.28,2020-01-23,0.9,-4.2,-1.7,-2.7,-6.9,-5.2,-6.4,70.5,0,0,0,,0,7.9,,22.3,22.3,11,3.6,320.6,1020.1,67.1,13.4,102.3,8.7,5,,2020-01-23T06:49:57,2020-01-23T16:19:27,obs
"44.01777778,144.2797222",44.018,144.28,2020-01-24,0,-7.8,-5.2,-2.5,-15.8,-10.3,-10.1,70.1,0.5,100,4.17,snow,0,6.6,,31.7,31.7,15.8,1.8,292.4,1016.1,52.7,12.2,93.9,7.9,4,,2020-01-24T06:49:09,2020-01-24T16:20:47,obs
"44.01777778,144.2797222",44.018,144.28,2020-01-25,-6.7,-9.8,-8.1,-13.7,-19.1,-16,-14.8,59.4,0.5,100,4.17,snow,0,4.7,44.6,35.3,35.3,23.4,16.6,306.7,1023.2,46.9,9.7,82.7,7,4,,2020-01-25T06:48:19,2020-01-25T16:22:08,obs
"44.01777778,144.2797222",44.018,144.28,2020-01-26,-5,-11.8,-8.5,-9,-18.4,-14.2,-17,50.9,0.5,100,4.17,snow,1.2,3.5,,24.1,24.1,12.8,5.4,277.6,1024.4,43,15.9,77.1,6.6,3,,2020-01-26T06:47:26,2020-01-26T16:23:29,obs
"44.01777778,144.2797222",44.018,144.28,2020-01-27,-3.9,-9.1,-5.7,-9.2,-14.6,-11.1,-10.4,69.8,0,0,0,snow,0.7,4.9,,24.1,24.1,14.6,7.6,311.3,1025.8,38.2,10.7,84.3,7.3,4,,2020-01-27T06:46:32,2020-01-27T16:24:50,obs
"44.01777778,144.2797222",44.018,144.28,2020-01-28,-3.4,-10.6,-6.5,-5.2,-15.8,-9.9,-10.4,74.9,0,0,0,,0,5,,11.2,11.2,7.6,1.8,208.1,1029.1,41,16.9,127.3,11,5,,2020-01-28T06:45:35,2020-01-28T16:26:12,obs
"44.01777778,144.2797222",44.018,144.28,2020-01-29,0.3,-6.6,-2.4,-3.1,-11.6,-6.8,-7.2,70.3,0,0,0,"rain,snow",0.6,5.2,,20.5,20.5,12.9,5.4,159.3,1021.3,80.2,16.3,64.7,5.5,3,,2020-01-29T06:44:37,2020-01-29T16:27:34,obs
"44.01777778,144.2797222",44.018,144.28,2020-01-30,0.1,-1.3,-0.5,-0.4,-7,-5.2,-1.9,90.7,5.5,100,8.33,"rain,snow",7.9,8.4,55.4,27.7,27.7,18.8,1.8,42.6,1002.4,82.2,5.2,38.7,3.2,2,,2020-01-30T06:43:37,2020-01-30T16:28:56,obs
"44.01777778,144.2797222",44.018,144.28,2020-01-31,-0.3,-1.7,-0.8,-5.4,-8.8,-7.3,-1.7,93.4,13.5,100,12.5,"rain,snow",9.5,18.9,53.6,37.1,37.1,28.3,18.4,12.3,1001.1,77.2,3.1,32.4,2.9,1,,2020-01-31T06:42:34,2020-01-31T16:30:19,obs
"44.01777778,144.2797222",44.018,144.28,2020-02-01,-1.6,-5.3,-3.7,-5,-11.8,-9.5,-6.7,79.6,1,100,4.17,"rain,snow",3,25.1,,37.1,37.1,22.2,1.8,351.3,1014.5,80,9.6,82.4,7.1,3,,2020-02-01T06:41:30,2020-02-01T16:31:42,obs
"44.01777778,144.2797222",44.018,144.28,2020-02-02,-3.5,-7.3,-5.4,-4.2,-11.9,-9,-9.6,72.5,0,0,0,,0,23.9,,13,13,8.3,1.8,241.8,1018.6,55.6,13.8,99,8.5,4,,2020-02-02T06:40:24,2020-02-02T16:33:05,obs
"44.01777778,144.2797222",44.018,144.28,2020-02-03,-3,-11.6,-5.8,-4.9,-17,-10.2,-8.5,81.8,5,100,4.17,snow,0,8.7,,31.7,31.7,11.9,3.6,11.8,1016,61.2,9.6,76.5,6.6,4,,2020-02-03T06:39:17,2020-02-03T16:34:28,obs
"44.01777778,144.2797222",44.018,144.28,2020-02-04,-4.1,-9.1,-6.1,-7.7,-14.4,-11.1,-10,74.2,2.5,100,8.33,snow,0,0,35.3,29.5,29.5,13.6,3.6,327.8,1015.5,50.9,13.4,81.5,7,3,,2020-02-04T06:38:07,2020-02-04T16:35:52,obs
"44.01777778,144.2797222",44.018,144.28,2020-02-05,-5.9,-16.3,-10.1,-9.8,-21.5,-15,-15.3,67.1,0,0,0,,0,0,,13,13,9.6,3.6,282.8,1014.6,56.5,18.8,72.1,6.1,3,,2020-02-05T06:36:56,2020-02-05T16:37:15,obs
"44.01777778,144.2797222",44.018,144.28,2020-02-06,-8.2,-13.1,-10,-15.2,-20.5,-17.2,-14.8,68,1,100,8.33,snow,0,0,37.1,29.5,29.5,17.8,11.2,314.6,1017.7,57.6,11.3,81.1,7,4,,2020-02-06T06:35:43,2020-02-06T16:38:38,obs
"44.01777778,144.2797222",44.018,144.28,2020-02-07,-4.7,-12.8,-8.6,-5.7,-18.5,-13,-13.4,69.1,0,0,0,,0,0,,16.6,16.6,8.8,3.6,231.6,1019.3,51.4,18,104.2,9,4,,2020-02-07T06:34:28,2020-02-07T16:40:02,obs
"44.01777778,144.2797222",44.018,144.28,2020-02-08,-7.4,-13.3,-9.9,-13.8,-20.3,-16.7,-13.8,73.4,3.5,100,8.33,snow,0,0,,29.5,29.5,16.5,9.4,327.5,1016.8,60.3,7.8,86.1,7.4,4,,2020-02-08T06:33:12,2020-02-08T16:41:25,obs
"44.01777778,144.2797222",44.018,144.28,2020-02-09,-9.9,-16,-12.4,-17.3,-24.6,-20.4,-18.1,62.8,1,100,4.17,snow,0,0,37.1,25.9,25.9,18.4,13,293.5,1014.2,40.6,13,93.5,8.3,3,,2020-02-09T06:31:55,2020-02-09T16:42:49,obs
"44.01777778,144.2797222",44.018,144.28,2020-02-10,-4,-9.6,-6.1,-8.2,-18.1,-13.5,-11.1,68.2,2.5,100,8.33,snow,0,0,48.2,38.9,38.9,24.7,7.6,309.2,1012.5,51.6,14.4,74.4,6.6,3,,2020-02-10T06:30:35,2020-02-10T16:44:12,obs
"44.01777778,144.2797222",44.018,144.28,2020-02-11,-2.2,-7.9,-4.8,-5.3,-10.3,-8.6,-9,73.3,0,0,0,,0,0,,18.4,18.4,9.9,1.8,297.5,1021.9,42,19.6,111.6,9.5,5,,2020-02-11T06:29:15,2020-02-11T16:45:35,obs
"44.01777778,144.2797222",44.018,144.28,2020-02-12,6.8,-8.1,0.1,4.7,-12.3,-3.2,-6.9,60.2,0,0,0,,0,0,,20.5,20.5,11.3,3.6,213.7,1017,37.3,20,135.5,11.7,5,,2020-02-12T06:27:53,2020-02-12T16:46:58,obs
"44.01777778,144.2797222",44.018,144.28,2020-02-13,7.1,-0.8,3.4,6.8,-2.1,1.8,-2,68.5,0,0,0,,0,0,,13,13,6.6,1.8,234.9,1012.5,80.9,16.9,126.1,11,5,,2020-02-13T06:26:29,2020-02-13T16:48:21,obs
"44.01777778,144.2797222",44.018,144.28,2020-02-14,1.1,-4.6,-1.3,-0.1,-10.5,-4.1,-3.1,88.2,0,0,0,,0,0,,16.6,16.6,8.5,1.8,343.2,1014.2,56.6,7,125.4,10.9,5,,2020-02-14T06:25:04,2020-02-14T16:49:44,obs
"44.01777778,144.2797222",44.018,144.28,2020-02-15,-1.3,-8.6,-5.3,-3.3,-12.7,-9.2,-8.3,80.2,0,0,0,,0,0,,18.4,18.4,10.3,3.6,339.5,1019.3,57.7,15.4,110.3,9.6,5,,2020-02-15T06:23:38,2020-02-15T16:51:06,obs
"44.01777778,144.2797222",44.018,144.28,2020-02-16,-6.6,-10.3,-8.1,-8.2,-15.7,-11.8,-13.7,65,0,0,0,,0,0,,18.4,18.4,8.2,1.8,54.9,1022.9,83.1,18.2,73.4,6.2,3,,2020-02-16T06:22:10,2020-02-16T16:52:28,obs
"44.01777778,144.2797222",44.018,144.28,2020-02-17,-3.9,-8.4,-6.1,-3.9,-12.3,-7.9,-8,86.5,8,100,12.5,snow,0,0,,7.6,7.6,5,1.8,270.5,1009.8,68.1,8.5,69.6,6,3,,2020-02-17T06:20:42,2020-02-17T16:53:50,obs
"44.01777778,144.2797222",44.018,144.28,2020-02-18,-1.9,-11.2,-3.9,-3.7,-15.4,-6.7,-5.7,87.6,0,0,0,,0,0,,16.6,16.6,8.4,1.8,348.3,1006.3,67.6,16.1,90.5,7.9,4,,2020-02-18T06:19:12,2020-02-18T16:55:12,obs
"44.01777778,144.2797222",44.018,144.28,2020-02-19,-3.5,-5.9,-4.7,-3.9,-11.4,-7.7,-6.9,84.9,1,100,4.17,snow,0,0,,18.4,18.4,8.5,1.8,315.5,1019.2,60.4,15.5,114.5,9.9,5,,2020-02-19T06:17:41,2020-02-19T16:56:34,obs
"44.01777778,144.2797222",44.018,144.28,2020-02-20,0.1,-8.1,-4.2,-2.4,-11,-7.5,-7.6,78.6,0.5,100,4.17,snow,0,0,,14.8,14.8,8,3.6,232.4,1025.5,35.7,19.5,126.9,11,5,,2020-02-20T06:16:09,2020-02-20T16:57:55,obs
"44.01777778,144.2797222",44.018,144.28,2020-02-21,-3.7,-6.6,-5.2,-4.7,-11.9,-7.9,-7.4,84.7,0.5,100,4.17,snow,0,0,,14.8,14.8,6.8,1.8,295.5,1030.6,47.8,10.7,138.3,12,6,,2020-02-21T06:14:35,2020-02-21T16:59:16,obs
"44.01777778,144.2797222",44.018,144.28,2020-02-22,2.7,-7.4,-1.5,-1.2,-11.9,-5.4,-5.5,74.9,0.5,100,4.17,snow,0,0,,25.9,25.9,12.4,5.4,169.1,1020.4,73.9,19.9,111.4,9.7,5,,2020-02-22T06:13:01,2020-02-22T17:00:37,obs
"44.01777778,144.2797222",44.018,144.28,2020-02-23,2.7,-2.9,0.3,-1,-11.2,-5.5,-2.9,79.9,8,100,8.33,"rain,snow",0,0,68.4,51.8,51.8,27,7.6,284.8,995.5,50,11,97.9,8.4,5,,2020-02-23T06:11:26,2020-02-23T17:01:57,obs
"44.01777778,144.2797222",44.018,144.28,2020-02-24,-1.7,-5.3,-3.2,-3.9,-9.5,-8,-7.9,70.4,1,100,8.33,snow,0,0,,24.1,24.1,15.1,3.6,318.3,1014.1,56.5,16.2,126.2,10.9,5,,2020-02-24T06:09:49,2020-02-24T17:03:18,obs
"44.01777778,144.2797222",44.018,144.28,2020-02-25,-2,-9.1,-5.1,-5.2,-15.6,-9.2,-10,69.7,0,0,0,,0,0,,14.8,14.8,9.6,1.8,247.5,1021.2,35.8,19.4,182.7,15.7,7,,2020-02-25T06:08:12,2020-02-25T17:04:37,obs
"44.01777778,144.2797222",44.018,144.28,2020-02-26,-3.9,-11.8,-7.1,-7.4,-17.2,-10.3,-12.5,66.2,0,0,0,,0,0,,14.8,14.8,7.4,1.8,344.5,1023.5,33.4,19.5,187.6,16.2,7,,2020-02-26T06:06:34,2020-02-26T17:05:57,obs
"44.01777778,144.2797222",44.018,144.28,2020-02-27,-4.9,-22.2,-9.3,-7.2,-31.1,-12,-14.8,65.8,0,0,0,,0,0,,13,13,6,1.8,183.6,1021.3,18.8,19.4,193.5,16.8,7,,2020-02-27T06:04:55,2020-02-27T17:07:16,obs
"44.01777778,144.2797222",44.018,144.28,2020-02-28,-4,-15.3,-7.3,-6.3,-22.6,-11.5,-10.6,77.9,0,0,0,,0,0,,18.4,18.4,9.6,3.6,320.4,1021.8,53.1,17.1,129.4,11.1,6,,2020-02-28T06:03:15,2020-02-28T17:08:35,obs
"44.01777778,144.2797222",44.018,144.28,2020-02-29,-4.4,-12.3,-7.7,-6.8,-17.8,-11.3,-12.6,69,0,0,0,,0,0,,9.4,9.4,7.2,1.8,219.2,1022.6,36.1,20,190.3,16.4,7,,2020-02-29T06:01:34,2020-02-29T17:09:54,obs
"44.01777778,144.2797222",44.018,144.28,2020-03-01,-5.4,-10.1,-7,-5.5,-12.5,-9.5,-9.6,81.9,2,100,4.17,snow,0,0,,9.4,9.4,6.4,1.8,14,1022.3,72.4,13.7,76.3,6.7,3,,2020-03-01T05:59:53,2020-03-01T17:11:13,obs
"44.01777778,144.2797222",44.018,144.28,2020-03-02,-5.1,-11.2,-6.1,-5.4,-15.9,-8.5,-8.7,81.9,0,0,0,,0,0,,9.4,9.4,6,3.6,39.4,1025.9,64.3,19.8,140.7,12.2,5,,2020-03-02T05:58:11,2020-03-02T17:12:31,obs
"44.01777778,144.2797222",44.018,144.28,2020-03-03,-2.7,-6.9,-4.4,-6.3,-11.4,-8.6,-6.7,84.6,0.5,100,4.17,snow,0,0,,18.4,18.4,10.8,5.4,337.2,1025.1,69.7,16.9,115.4,10,4,,2020-03-03T05:56:28,2020-03-03T17:13:49,obs
"44.01777778,144.2797222",44.018,144.28,2020-03-04,-3.4,-4.8,-3.9,-5.7,-9.8,-7.5,-6,85.7,0,0,0,,0,0,,16.6,16.6,8.8,5.4,32.2,1025.7,63.3,19.6,138.1,11.9,6,,2020-03-04T05:54:45,2020-03-04T17:15:06,obs
"44.01777778,144.2797222",44.018,144.28,2020-03-05,-0.5,-2.9,-1.8,-2.4,-10.8,-6.6,-3.3,89.8,17,100,12.5,"rain,snow",0,0,57.6,46.4,46.4,18.6,3.6,33.8,1008.7,81.7,5.5,49.8,4.3,2,,2020-03-05T05:53:01,2020-03-05T17:16:24,obs
"44.01777778,144.2797222",44.018,144.28,2020-03-06,-1.4,-3.4,-1.9,-8.5,-10.6,-9.3,-3.4,89.8,12,100,12.5,"rain,snow",0,0,51.8,44.6,44.6,33.7,18.4,343.4,1009.7,72.5,5.2,85.5,7.2,4,,2020-03-06T05:51:16,2020-03-06T17:17:41,obs
"44.01777778,144.2797222",44.018,144.28,2020-03-07,-1.9,-5.1,-3.6,-1.9,-9.7,-7.3,-7,77.5,0,0,0,,0,0,,18.4,18.4,9.7,3.6,332.9,1024.1,47.9,19.6,193,16.8,7,,2020-03-07T05:49:31,2020-03-07T17:18:57,obs
"44.01777778,144.2797222",44.018,144.28,2020-03-08,5.6,-4.3,1.3,4.3,-8.8,-1.8,-3.9,68.9,0,0,0,,0,0,,18.4,18.4,11,5.4,184,1021.9,57.5,20,156.2,13.3,6,,2020-03-08T05:47:45,2020-03-08T17:20:14,obs
"44.01777778,144.2797222",44.018,144.28,2020-03-09,9.1,2.7,4.5,8.7,-0.7,2.4,0.1,73.4,0,0,0,,0,0,,22.3,22.3,9.7,1.8,220.6,1017.9,74.7,20,125.7,10.9,5,,2020-03-09T05:45:59,2020-03-09T17:21:30,obs
"44.01777778,144.2797222",44.018,144.28,2020-03-10,4.6,0.2,2.1,4,-3.2,0.7,0.4,89,17,100,8.33,"rain,snow",0,0,,11.2,11.2,5.4,1.8,326.8,1011.6,77.4,9.5,34.3,2.8,1,,2020-03-10T05:44:12,2020-03-10T17:22:46,obs
"44.01777778,144.2797222",44.018,144.28,2020-03-11,12.8,-1,4.1,12.8,-6.3,1.5,0.2,77.5,7,100,4.17,rain,0,0,66.6,38.9,38.9,12.9,1.8,284.2,982.7,65.6,16.1,162.1,13.9,7,,2020-03-11T05:42:25,2020-03-11T17:24:02,obs
"44.01777778,144.2797222",44.018,144.28,2020-03-12,0.9,-2.3,-0.7,-1.3,-7.2,-3.9,-5.7,69.6,0.5,100,4.17,"rain,snow",0,0,,25.9,25.9,10.3,1.8,292.4,1011.5,50.9,17.2,185.8,16,7,,2020-03-12T05:40:38,2020-03-12T17:25:17,obs
"44.01777778,144.2797222",44.018,144.28,2020-03-13,7.1,-4.6,2.1,5.4,-10.5,-1.9,-7.2,51.4,0,0,0,,0,0,77.8,29.5,29.5,17.3,5.4,228.7,1006.4,55.5,19.1,102.8,8.9,5,,2020-03-13T05:38:50,2020-03-13T17:26:33,obs
"44.01777778,144.2797222",44.018,144.28,2020-03-14,1.9,-5.1,-1.5,-1.2,-8.6,-4.4,-8.8,58.2,0,0,0,,0,0,,23.8,23.8,9.2,3.6,153.7,1011.8,27,17.4,184.5,16,7,,2020-03-14T05:37:02,2020-03-14T17:27:48,obs
"44.01777778,144.2797222",44.018,144.28,2020-03-15,0.1,-4.8,-2.3,-3.3,-8.4,-6.1,-6.4,73.3,0.5,100,4.17,"rain,snow",0,0,35.3,22.3,22.3,12,1.8,318.2,1006.5,49.9,20,129.9,11.3,4,,2020-03-15T05:35:14,2020-03-15T17:29:03,obs
"44.01777778,144.2797222",44.018,144.28,2020-03-16,-0.9,-6.8,-3.5,-2.9,-11,-6.2,-7.8,73,0,0,0,,0,0,,14.8,14.8,7.6,1.8,333.8,1008.9,62.7,20,81.1,7,3,,2020-03-16T05:33:25,2020-03-16T17:30:18,obs
"44.01777778,144.2797222",44.018,144.28,2020-03-17,3.1,-5.6,-1.4,0.9,-9.2,-3.8,-8.1,62.1,0,0,0,,0,0,,13,13,7.5,1.8,221.2,1007.7,34.9,20,161.7,14,5,,2020-03-17T05:31:36,2020-03-17T17:31:32,obs
"44.01777778,144.2797222",44.018,144.28,2020-03-18,5.7,-1.3,2.8,4.9,-4.5,0.6,-5.4,55.7,0,0,0,,0,0,,18.4,18.4,8.7,1.8,201.8,1005.5,29.3,19.6,170.5,14.7,7,,2020-03-18T05:29:47,2020-03-18T17:32:46,obs
"44.01777778,144.2797222",44.018,144.28,2020-03-19,11.6,-1.1,6,11.6,-3.1,3.7,-4.4,48.5,0,0,0,,0,0,,24.1,24.1,13.3,1.8,194.3,1005.5,77.2,20,204,17.6,7,,2020-03-19T05:27:58,2020-03-19T17:34:01,obs
"44.01777778,144.2797222",44.018,144.28,2020-03-20,8.1,2.9,5.6,5.9,-0.6,2.8,1.7,77.2,2,100,4.17,rain,0,0,,22.3,22.3,13.2,5.4,215.1,985.9,61.8,18.4,129.5,11.1,6,,2020-03-20T05:26:09,2020-03-20T17:35:15,obs
"44.01777778,144.2797222",44.018,144.28,2020-03-21,8.6,2.4,5.4,6.1,-1,2,-6.7,42.2,0,0,0,,0,0,53.6,27.7,27.7,18.1,5.4,275.1,994.3,44.6,20,207.8,17.8,8,,2020-03-21T05:24:19,2020-03-21T17:36:29,obs
"44.01777778,144.2797222",44.018,144.28,2020-03-22,6.9,0.7,3.3,5.1,-2.6,1.5,-6.3,49.7,0,0,0,,0,0,,13,13,7.3,3.6,196.3,1005.2,40.5,20,188,16.2,7,,2020-03-22T05:22:30,2020-03-22T17:37:42,obs
"44.01777778,144.2797222",44.018,144.28,2020-03-23,1.6,-2.6,-0.5,-1.3,-5.7,-3.2,-2.7,86,0.5,100,4.17,"rain,snow",0,0,,14.8,14.8,8.1,1.8,334.4,1008.3,70.1,18.5,79.9,6.7,3,,2020-03-23T05:20:41,2020-03-23T17:38:56,obs
"44.01777778,144.2797222",44.018,144.28,2020-03-24,0,-2.4,-1.7,-2.3,-7.6,-5.6,-4.9,79.2,0.5,100,4.17,"rain,snow",0,0,,16.6,16.6,12.2,1.8,333.7,1012.2,52.9,18.3,158.1,13.7,6,,2020-03-24T05:18:51,2020-03-24T17:40:10,obs
"44.01777778,144.2797222",44.018,144.28,2020-03-25,4.1,-2.3,0.9,-0.8,-7.3,-3.7,-6.3,60.1,0,0,0,,0,0,61.2,27.7,27.7,17.8,11.2,317.6,1012.3,36.2,20,231.3,20.1,8,,2020-03-25T05:17:02,2020-03-25T17:41:23,obs
"44.01777778,144.2797222",44.018,144.28,2020-03-26,4.2,-1.8,1.7,-0.8,-3.7,-2.4,-5.7,60.2,0,0,0,,0,0,57.6,35.3,35.3,18.9,1.8,322.4,1014.7,32.2,20,253.9,21.9,8,,2020-03-26T05:15:12,2020-03-26T17:42:36,obs
"44.01777778,144.2797222",44.018,144.28,2020-03-27,13.1,-1.9,5,13.1,-5.8,2.6,-1.3,66.8,1,100,4.17,rain,0,0,51.8,20.5,20.5,13,3.6,197.6,1012.9,59.7,18.3,198.1,17.3,7,,2020-03-27T05:13:23,2020-03-27T17:43:49,obs
"44.01777778,144.2797222",44.018,144.28,2020-03-28,8.2,0.7,3.4,5.9,-4.7,0.1,-3.6,62.7,1,100,4.17,rain,0,0,,27.7,27.7,14.4,5.4,301.1,1008.9,63.9,19.4,240.8,20.5,8,,2020-03-28T05:11:34,2020-03-28T17:45:03,obs
"44.01777778,144.2797222",44.018,144.28,2020-03-29,5.8,-0.1,2.2,3.8,-2.8,-0.2,-9.1,44.3,0,0,0,,0,0,,13,13,8.3,3.6,208.7,1020.2,61.1,20,145.7,12.5,5,,2020-03-29T05:09:45,2020-03-29T17:46:16,obs
"44.01777778,144.2797222",44.018,144.28,2020-03-30,9.8,-2.1,3.3,8.3,-5.7,1.7,-5.9,52.6,0,0,0,,0,0,,18.4,18.4,7.2,1.8,207.8,1020.1,3.4,20,262.7,22.6,8,,2020-03-30T05:07:56,2020-03-30T17:47:29,obs
"44.01777778,144.2797222",44.018,144.28,2020-03-31,12.4,-0.4,6.1,12.4,-2.4,4.8,-4,50.5,0,0,0,,0,0,40.7,20.5,20.5,9.6,1.8,181.8,1019.7,32,20,259.9,22.4,8,,2020-03-31T05:06:07,2020-03-31T17:48:42,obs
"44.01777778,144.2797222",44.018,144.28,2020-04-01,13.6,3.6,8.5,13.6,-1,6.7,2.9,68.7,0,0,0,,0,0,,24.1,24.1,15.8,7.6,204.1,1012.6,76.2,19.6,20.4,1.7,1,,2020-04-01T05:04:19,2020-04-01T17:49:55,obs
"44.01777778,144.2797222",44.018,144.28,2020-04-02,3.7,0.2,1.1,0.9,-6.5,-4.2,-0.5,90,10,100,12.5,"rain,snow",0,0,53.6,35.3,35.3,23,9.4,336.5,1005,76.1,9.3,40.9,3.4,2,,2020-04-02T05:02:31,2020-04-02T17:51:07,obs
"44.01777778,144.2797222",44.018,144.28,2020-04-03,9.6,-0.6,3.3,7.7,-3.9,1.2,-4.2,59.7,0,0,0,,0,0,,18.4,18.4,8.7,3.6,248.1,1012,31.5,20,253.7,22,8,,2020-04-03T05:00:43,2020-04-03T17:52:20,obs
"44.01777778,144.2797222",44.018,144.28,2020-04-04,14.5,-0.4,6.5,14.5,-3.1,5.2,-1.4,59.8,0.5,100,4.17,rain,0,0,,27.7,27.7,12.3,1.8,160.1,1015.9,69.2,17,150.1,13,8,,2020-04-04T04:58:55,2020-04-04T17:53:33,obs
"44.01777778,144.2797222",44.018,144.28,2020-04-05,6.9,0.8,3.9,6.4,-2.3,2,2.8,92.6,19,100,16.67,"rain,snow",0,0,,18.4,18.4,8.5,1.8,249.2,1010,67.4,12,160.8,14,7,,2020-04-05T04:57:08,2020-04-05T17:54:46,obs
"44.01777778,144.2797222",44.018,144.28,2020-04-06,5.9,0.2,1.5,4.3,-2.4,-0.2,0.1,90.9,0.5,100,4.17,"rain,snow",0,0,,14.8,14.8,6.6,1.8,359,1002.9,57.6,12.1,146.4,12.7,5,,2020-04-06T04:55:22,2020-04-06T17:55:59,obs
"44.01777778,144.2797222",44.018,144.28,2020-04-07,5.4,-0.1,2.7,4.1,-2.5,0.5,-0.4,81.2,0,0,0,,0,0,44.6,16.6,16.6,8.5,1.8,318.4,1005.4,38.5,17,211,18.3,7,,2020-04-07T04:53:35,2020-04-07T17:57:11,obs
"44.01777778,144.2797222",44.018,144.28,2020-04-08,3.3,0.2,1.2,0.1,-3.9,-2.3,-1.1,84.9,0.5,100,4.17,"rain,snow",0,0,,18.4,18.4,12.3,5.4,345.3,1015.2,42.9,18.8,194.3,16.9,7,,2020-04-08T04:51:49,2020-04-08T17:58:24,obs
"44.01777778,144.2797222",44.018,144.28,2020-04-09,0.2,-1.5,-0.8,0.1,-5.5,-4.2,-2.1,91.5,10,100,8.33,"rain,snow",0,0,,16.6,16.6,10,1.8,38.4,1018.5,71.2,5.9,80.2,6.9,3,,2020-04-09T04:50:04,2020-04-09T17:59:37,obs
"44.01777778,144.2797222",44.018,144.28,2020-04-10,0.1,-1.9,-1,-1.3,-5.5,-3.6,-3.5,83.8,2,100,4.17,"rain,snow",0,0,,16.6,16.6,8.5,3.6,350.6,1016.6,57.3,12.8,128.2,11.1,3,,2020-04-10T04:48:19,2020-04-10T18:00:49,obs
"44.01777778,144.2797222",44.018,144.28,2020-04-11,1.1,-2.1,-0.8,-3,-6.7,-5,-4.6,75.5,0.5,100,4.17,"rain,snow",0,0,,18.4,18.4,13.4,5.4,342.3,1018.2,38.3,18.9,208.3,18,7,,2020-04-11T04:46:35,2020-04-11T18:02:02,obs
"44.01777778,144.2797222",44.018,144.28,2020-04-12,1.9,-1.6,0.1,0.7,-5.1,-2.4,-4.7,70.4,0,0,0,,0,0,,11.2,11.2,7.8,1.8,144.6,1017.3,27.3,20,269.8,23.2,8,,2020-04-12T04:44:51,2020-04-12T18:03:15,obs
"44.01777778,144.2797222",44.018,144.28,2020-04-13,4.4,-1.1,1.8,3.2,-4.1,-0.2,-2.1,76.2,0,0,0,,0,0,,18.4,18.4,7.7,1.8,59.9,1014.5,22.2,18.8,275,23.8,9,,2020-04-13T04:43:08,2020-04-13T18:04:28,obs
"44.01777778,144.2797222",44.018,144.28,2020-04-14,1.6,-0.8,-0.1,0.4,-6.1,-4.8,-4.7,71.8,0,0,0,,0,0,,24.1,24.1,17.7,1.8,1.9,1008.3,64.4,19.1,216.6,18.7,7,,2020-04-14T04:41:26,2020-04-14T18:05:40,obs
"44.01777778,144.2797222",44.018,144.28,2020-04-15,0.2,-1,-0.5,-3,-6.5,-4.9,-3.8,79.2,0.5,100,4.17,"rain,snow",0,0,,20.5,20.5,14.5,7.6,341.2,1012.9,57,13.8,176.7,15.1,6,,2020-04-15T04:39:44,2020-04-15T18:06:53,obs
"44.01777778,144.2797222",44.018,144.28,2020-04-16,1.9,-1.4,0.1,-0.2,-6.9,-3.9,-4.1,73.8,0.5,100,4.17,"rain,snow",0,0,46.4,25.9,25.9,14.9,1.8,349.9,1020.1,39.9,19.7,206.2,17.7,7,,2020-04-16T04:38:03,2020-04-16T18:08:06,obs
"44.01777778,144.2797222",44.018,144.28,2020-04-17,7.7,-1.6,4.2,6.7,-4.5,2.7,-4.6,55,0,0,0,,0,0,,11.2,11.2,6.8,1.8,164.8,1022.8,15.9,20,267.4,23.1,9,,2020-04-17T04:36:22,2020-04-17T18:09:18,obs
"44.01777778,144.2797222",44.018,144.28,2020-04-18,16.4,0.9,7.4,16.4,0.9,6.8,-3.3,50.5,0,0,0,,0,0,44.6,24.1,24.1,10.2,3.6,153,1021.7,40.2,20,298.1,25.7,9,,2020-04-18T04:34:43,2020-04-18T18:10:31,obs
"44.01777778,144.2797222",44.018,144.28,2020-04-19,14,4.6,9.1,14,1.2,7.4,-1.6,50.9,0,0,0,,0,0,,24.1,24.1,16.3,9.4,168.6,1024.8,57.5,20,244.7,21.3,8,,2020-04-19T04:33:04,2020-04-19T18:11:44,obs
"44.01777778,144.2797222",44.018,144.28,2020-04-20,8.4,2.7,5.2,5.1,-0.8,2.3,-0.2,69.4,0,0,0,,0,0,,29.5,29.5,15,3.6,152.4,1019.4,67.6,19.4,190.2,16.3,9,,2020-04-20T04:31:26,2020-04-20T18:12:56,obs
"44.01777778,144.2797222",44.018,144.28,2020-04-21,17.3,5.7,9.3,17.3,2.6,7.7,3.1,66.4,0.5,100,4.17,rain,0,0,46.4,22.3,22.3,12.7,1.8,194.6,999.8,67,20,225,19.4,9,,2020-04-21T04:29:49,2020-04-21T18:14:09,obs
"44.01777778,144.2797222",44.018,144.28,2020-04-22,11.7,0.7,5.2,11.7,-2.6,2.2,-5.3,52.5,0.5,100,4.17,"rain,snow",0,0,53.6,29.5,29.5,17.7,5.4,204.7,998.3,43.3,18.7,156.8,13.6,4,,2020-04-22T04:28:13,2020-04-22T18:15:21,obs
"44.01777778,144.2797222",44.018,144.28,2020-04-23,7.7,0.7,3.7,6.3,-2.8,0.4,-2.7,64.5,0.5,100,4.17,"rain,snow",0,0,53.6,24.1,24.1,14.1,5.4,252.1,997.8,59.4,20,188.2,16.3,6,,2020-04-23T04:26:38,2020-04-23T18:16:34,obs
"44.01777778,144.2797222",44.018,144.28,2020-04-24,7.3,-0.3,3.7,5.6,-3.8,1.4,-3.9,58.9,0,0,0,,0,0,27.7,14.8,14.8,9.1,3.6,188.6,1006.1,43.5,20,219.6,18.7,6,,2020-04-24T04:25:04,2020-04-24T18:17:46,obs
"44.01777778,144.2797222",44.018,144.28,2020-04-25,9.9,1.9,5.8,9.9,-0.4,4.4,-2.4,56.8,0,0,0,,0,0,,14.8,14.8,7.6,1.8,199.7,1011,59.8,20,209.8,18,7,,2020-04-25T04:23:31,2020-04-25T18:18:58,obs
"44.01777778,144.2797222",44.018,144.28,2020-04-26,4.7,1.6,3.5,4.7,-2.1,1.3,2.3,92,8.5,100,8.33,rain,0,0,,16.6,16.6,9.3,3.6,335.9,1010.3,72.7,11.5,63.2,5.6,2,,2020-04-26T04:21:59,2020-04-26T18:20:11,obs
"44.01777778,144.2797222",44.018,144.28,2020-04-27,4.1,0.6,2,3.6,-2.5,-0.3,-0.2,85.9,0,0,0,,0,0,,16.6,16.6,8.5,3.6,27.2,1015,51.2,16.8,216.4,18.7,8,,2020-04-27T04:20:27,2020-04-27T18:21:23,obs
"44.01777778,144.2797222",44.018,144.28,2020-04-28,10.8,2.1,5.9,10.8,-1.5,3.7,0.9,71.6,0.5,100,4.17,rain,0,0,51.8,20.5,20.5,11.8,3.6,221.6,1012.3,37.2,19.7,174.7,15,6,,2020-04-28T04:18:58,2020-04-28T18:22:35,obs
"44.01777778,144.2797222",44.018,144.28,2020-04-29,13.8,4.7,8.9,13.8,1.1,7.4,1.7,61.5,1,100,4.17,rain,0,0,33.5,25.9,25.9,14.1,5.4,222.3,1010.4,39.9,20,98,8.6,3,,2020-04-29T04:17:29,2020-04-29T18:23:47,obs
"44.01777778,144.2797222",44.018,144.28,2020-04-30,18.7,4.4,12,18.7,3.2,11.6,-0.1,46,0,0,0,,0,0,,13,13,6.5,1.8,149.2,1013.4,22.9,20,323.8,27.9,9,,2020-04-30T04:16:01,2020-04-30T18:24:58,obs
"44.01777778,144.2797222",44.018,144.28,2020-05-01,19,8.4,12.2,19,6.5,12.1,2.6,52.5,0,0,0,,0,0,,16.6,16.6,8.5,3.6,203.7,1009.9,60.4,20,151.6,13.1,8,,2020-05-01T04:14:35,2020-05-01T18:26:10,obs
"44.01777778,144.2797222",44.018,144.28,2020-05-02,23.1,12.2,15.7,23.1,12.2,15.7,6.7,55.4,0,0,0,,0,0,40.7,29.5,29.5,16,5.4,214.9,1002.9,64.4,18.6,222.8,19.1,6,,2020-05-02T04:13:10,2020-05-02T18:27:21,obs
"44.01777778,144.2797222",44.018,144.28,2020-05-03,19.2,9.6,13.9,19.2,8.6,13.9,7.3,66.2,0,0,0,,0,0,,16.6,16.6,8.8,3.6,256.8,1007.7,83.6,15.2,249.2,21.5,9,,2020-05-03T04:11:46,2020-05-03T18:28:32,obs
"44.01777778,144.2797222",44.018,144.28,2020-05-04,22,7.7,14.5,22,6,14.3,9,71.3,0,0,0,,0,0,,14.8,14.8,8,1.8,157.7,1002.3,76.8,12.5,217.6,19,7,,2020-05-04T04:10:23,2020-05-04T18:29:43,obs
"44.01777778,144.2797222",44.018,144.28,2020-05-05,10.1,3.2,5.8,10.1,-1.1,3.2,2.4,79.8,4,100,4.17,rain,0,0,63,24.1,24.1,14,3.6,336.4,1008.1,42.4,15.1,299.2,26,8,,2020-05-05T04:09:02,2020-05-05T18:30:54,obs
"44.01777778,144.2797222",44.018,144.28,2020-05-06,13.7,2.7,7.8,13.7,0.6,6.3,1.4,65.7,2,100,4.17,rain,0,0,35.3,20.5,20.5,13.3,1.8,195.2,1016.4,55.2,19.2,263.3,22.8,8,,2020-05-06T04:07:42,2020-05-06T18:32:04,obs
"44.01777778,144.2797222",44.018,144.28,2020-05-07,6.7,3.2,4.7,4.8,1.8,3.1,1.7,81.2,2,100,4.17,rain,0,0,,11.2,11.2,7.1,1.8,87.8,1016.8,30.4,19.4,332.8,28.8,9,,2020-05-07T04:06:24,2020-05-07T18:33:14,obs
"44.01777778,144.2797222",44.018,144.28,2020-05-08,17.1,2.7,11.6,17.1,0.7,11,0,50.6,0,0,0,,0,0,29.5,16.6,16.6,8.9,1.8,223.2,1012.9,34.7,19.6,336.7,29.2,10,,2020-05-08T04:05:07,2020-05-08T18:34:23,obs
"44.01777778,144.2797222",44.018,144.28,2020-05-09,21.4,9.4,15,21.4,8.9,15,0.9,41.9,0,0,0,,0,0,31.7,22.3,22.3,11.5,1.8,284.1,1010.4,65.9,20,258.4,22.3,9,,2020-05-09T04:03:52,2020-05-09T18:35:33,obs
"44.01777778,144.2797222",44.018,144.28,2020-05-10,12,8.2,10.1,12,8,9.9,7.2,83.3,11,100,8.33,rain,0,0,,9.4,9.4,4.7,1.8,165,1004.3,71.1,12.8,140.5,12.2,6,,2020-05-10T04:02:38,2020-05-10T18:36:41,obs
"44.01777778,144.2797222",44.018,144.28,2020-05-11,12.2,7.2,8.9,12.2,5.9,8.2,7.2,89.6,5,100,8.33,rain,0,0,,16.6,16.6,7.1,1.8,33.4,994.5,44.9,17.4,284.4,24.3,9,,2020-05-11T04:01:26,2020-05-11T18:37:50,obs
"44.01777778,144.2797222",44.018,144.28,2020-05-12,19,8.2,12.9,19,6.6,12.6,6.8,68.8,0.5,100,4.17,rain,0,0,,24.1,24.1,10.7,5.4,162.3,1004.1,26.3,20,277.6,24,9,,2020-05-12T04:00:15,2020-05-12T18:38:58,obs
"44.01777778,144.2797222",44.018,144.28,2020-05-13,20.2,9.6,13.8,20.2,6.6,13.6,8.3,70.6,7,100,4.17,rain,0,0,,27.7,27.7,16.7,1.8,194.7,1001.6,55.2,17.7,177.8,15.2,7,,2020-05-13T03:59:06,2020-05-13T18:40:05,obs
"44.01777778,144.2797222",44.018,144.28,2020-05-14,13,6.2,9.2,13,1,7.4,5.6,78.8,18,100,8.33,rain,0,0,48.2,42.5,42.5,19.9,7.6,313.2,1006.1,41.9,17.7,177,15.3,5,,2020-05-14T03:57:58,2020-05-14T18:41:12,obs
"44.01777778,144.2797222",44.018,144.28,2020-05-15,6.2,3.9,4.8,4.4,-1.2,1.7,2.6,86.4,0.5,100,4.17,rain,0,0,,31.7,31.7,16.2,3.6,348.2,1019.9,69.6,16,247.8,21.4,7,,2020-05-15T03:56:53,2020-05-15T18:42:18,obs
"44.01777778,144.2797222",44.018,144.28,2020-05-16,15.8,3.2,10.3,15.8,-0.7,9.3,5.7,74.3,0,0,0,,0,0,44.6,22.3,22.3,12.1,3.6,184.6,1011.4,76.7,19.1,143.6,12.4,5,,2020-05-16T03:55:49,2020-05-16T18:43:23,obs
"44.01777778,144.2797222",44.018,144.28,2020-05-17,10.2,2.9,5.7,10.2,-1.7,2.8,3.8,87.8,1,100,4.17,rain,0,0,,22.3,22.3,14.7,1.8,343.4,1007.9,58.7,15.8,135.6,11.7,4,,2020-05-17T03:54:47,2020-05-17T18:44:28,obs
"44.01777778,144.2797222",44.018,144.28,2020-05-18,9.9,1.2,4.8,7.4,-3.3,2.9,1.3,78.3,0,0,0,,0,0,,30.1,30.1,10,1.8,359.7,1014,41.4,18.7,338.2,29.2,10,,2020-05-18T03:53:46,2020-05-18T18:45:32,obs
"44.01777778,144.2797222",44.018,144.28,2020-05-19,6.4,2.2,4.2,3.7,-0.2,1.7,0.5,77.5,0,0,0,,0,0,,18.4,18.4,10.7,3.6,32.7,1018.1,50.3,19.7,350.3,30.1,10,,2020-05-19T03:52:48,2020-05-19T18:46:36,obs
"44.01777778,144.2797222",44.018,144.28,2020-05-20,6.2,2.4,4.1,3.9,0.1,2.2,1.1,81.5,0,0,0,,0,0,,16.6,16.6,8.9,3.6,29.1,1018.4,70.2,19.6,302.6,26.1,9,,2020-05-20T03:51:51,2020-05-20T18:47:38,obs
"44.01777778,144.2797222",44.018,144.28,2020-05-21,9.8,2.1,4.2,7.3,0.6,2.8,1.3,82.1,0,0,0,,0,0,,18.1,18.1,7.2,3.6,36.5,1020.4,29.7,19.2,358.8,30.9,10,,2020-05-21T03:50:56,2020-05-21T18:48:40,obs
"44.01777778,144.2797222",44.018,144.28,2020-05-22,18.2,2.2,9,18.2,-0.2,7.9,1.7,62.9,0,0,0,,0,0,,27.7,27.7,11.6,5.4,159.7,1019.7,64.7,19.2,299.9,26.1,8,,2020-05-22T03:50:03,2020-05-22T18:49:41,obs
"44.01777778,144.2797222",44.018,144.28,2020-05-23,19,6.4,11.6,19,3.2,10.4,5.6,68.1,0.2,100,8.33,rain,0,0,,27.2,27.2,17,9.4,197.2,1016.7,69.5,16.3,95.4,8.2,3,,2020-05-23T03:49:12,2020-05-23T18:50:41,obs
"44.01777778,144.2797222",44.018,144.28,2020-05-24,21.3,7.7,13.5,21.3,5.1,12.9,9.1,76.6,1,100,25,rain,0,0,,18.4,18.4,11.9,1.8,179.4,1012.1,72.2,14.7,139.7,12,4,,2020-05-24T03:48:24,2020-05-24T18:51:40,obs
"44.01777778,144.2797222",44.018,144.28,2020-05-25,20.6,7.6,12.4,20.6,4.9,11.7,10.4,88.4,7,100,12.5,rain,0,0,,28.4,28.4,14.1,3.6,222.6,1004.1,68,13.1,175.2,15.2,5,,2020-05-25T03:47:37,2020-05-25T18:52:38,obs
"44.01777778,144.2797222",44.018,144.28,2020-05-26,15.6,6.7,10,15.6,4.6,9.2,7.2,83.4,0.5,100,4.17,rain,0,0,,15.5,15.5,9.1,1.8,18.2,1007.3,63.7,12.6,220.6,19.1,7,,2020-05-26T03:46:52,2020-05-26T18:53:35,obs
"44.01777778,144.2797222",44.018,144.28,2020-05-27,16.8,6.7,10.9,16.8,4.3,10.3,9,88.3,11,100,8.33,rain,0,0,,17.2,17.2,9,1.8,239.4,1001.4,75.7,11.7,89.9,7.7,3,,2020-05-27T03:46:09,2020-05-27T18:54:30,obs
"44.01777778,144.2797222",44.018,144.28,2020-05-28,16,9.1,11.2,16,7,10.7,8.6,84.7,0.5,100,4.17,rain,0,0,,16,16,10.7,1.8,3.2,1003.1,66.2,16.5,261.2,22.7,8,,2020-05-28T03:45:28,2020-05-28T18:55:25,obs
"44.01777778,144.2797222",44.018,144.28,2020-05-29,12.7,7.9,10.5,12.7,6.8,10.3,7.8,83.7,0.3,100,4.17,rain,0,0,,11.5,11.5,5.8,1.8,85.7,1008.4,52.5,19.8,294.7,25.3,9,,2020-05-29T03:44:49,2020-05-29T18:56:18,obs
"44.01777778,144.2797222",44.018,144.28,2020-05-30,29.2,10.4,19.7,27.7,10.4,19.5,8.2,51.7,0,0,0,,0,0,33.5,25.9,25.9,9.9,1.8,307.3,1011.8,24.2,19.3,353.7,30.6,10,,2020-05-30T03:44:13,2020-05-30T18:57:10,obs
"44.01777778,144.2797222",44.018,144.28,2020-05-31,24.9,13.3,19.3,24.9,13.3,19.3,6.7,45.6,0,0,0,,0,0,,11.2,11.2,6.8,3.6,20.4,1013.9,5.9,19.5,358.5,30.7,10,,2020-05-31T03:43:38,2020-05-31T18:58:01,obs
"44.01777778,144.2797222",44.018,144.28,2020-06-01,18.4,12.7,16.2,18.4,12.7,16.2,6.8,54.4,0,0,0,,0,0,,13,13,7.9,1.8,302.7,1010.3,15.1,20,356.1,30.8,10,,2020-06-01T03:43:06,2020-06-01T18:58:50,obs
"44.01777778,144.2797222",44.018,144.28,2020-06-02,24.2,13.2,18.3,24.2,13.2,18.3,13,72.5,3,100,4.17,rain,0,0,,25.9,25.9,15.6,3.6,183.8,1003.3,67.9,18.1,166.4,14.2,5,,2020-06-02T03:42:36,2020-06-02T18:59:38,obs
"44.01777778,144.2797222",44.018,144.28,2020-06-03,22.4,12.4,17.5,22.4,12.4,17.5,9.8,63.2,0,0,0,,0,0,,18.4,18.4,7.3,1.8,200.1,1004.8,60.8,19.8,268.6,23.2,9,,2020-06-03T03:42:08,2020-06-03T19:00:25,obs
"44.01777778,144.2797222",44.018,144.28,2020-06-04,25.8,11.2,18,25.8,11.2,18,10,63.2,0.1,100,4.17,rain,0,0,48.2,29.5,29.5,11.4,0,155.6,1006,32.6,19.6,358.3,31.1,10,,2020-06-04T03:41:42,2020-06-04T19:01:10,obs
"44.01777778,144.2797222",44.018,144.28,2020-06-05,20.6,11.1,15.8,20.6,11.1,15.8,12.2,80.1,11,100,8.33,rain,0,0,,18.4,18.4,10.5,5.4,241.9,1003.2,53.6,17.8,284.7,24.8,9,,2020-06-05T03:41:19,2020-06-05T19:01:53,obs
"44.01777778,144.2797222",44.018,144.28,2020-06-06,14.7,10.9,12.6,14.7,10.9,12.6,10.9,89.8,0,0,0,,0,0,,11.2,11.2,6.4,1.8,17.2,1007.9,51.4,17.5,184.7,16,7,,2020-06-06T03:40:57,2020-06-06T19:02:35,obs
"44.01777778,144.2797222",44.018,144.28,2020-06-07,13.1,9.4,10.5,13.1,7.2,9.8,8.9,90.6,0.5,100,4.17,rain,0,0,,16.6,16.6,10.4,5.4,327.3,1012.1,64.1,15.7,199.6,17.3,6,,2020-06-07T03:40:38,2020-06-07T19:03:15,obs
"44.01777778,144.2797222",44.018,144.28,2020-06-08,12.4,8.1,11.1,12.4,6.4,11,9.4,90,0,0,0,,0,0,,9.4,9.4,6,1.8,48.2,1015.7,69.1,18.3,190.9,16.4,8,,2020-06-08T03:40:21,2020-06-08T19:03:53,obs
"44.01777778,144.2797222",44.018,144.28,2020-06-09,16.7,11.7,13.9,16.7,11.7,13.9,11.4,85.7,0.5,100,4.17,rain,0,0,,11.2,11.2,5.5,0,112.7,1016.7,66.3,17.7,212.2,18.4,8,,2020-06-09T03:40:07,2020-06-09T19:04:30,obs
"44.01777778,144.2797222",44.018,144.28,2020-06-10,24.4,14.1,19.7,24.4,14.1,19.7,12.9,65.6,0,0,0,,0,0,,16.6,16.6,7.2,1.8,189.7,1009.8,85.6,19.9,259.4,22.4,8,,2020-06-10T03:39:54,2020-06-10T19:05:05,obs
"44.01777778,144.2797222",44.018,144.28,2020-06-11,25.6,16.7,20.8,25.6,16.7,20.8,15.1,70.7,0,0,0,,0,0,,14.8,14.8,6.3,1.8,214.4,1000.5,69.7,15.6,140,12,5,,2020-06-11T03:39:44,2020-06-11T19:05:38,obs
"44.01777778,144.2797222",44.018,144.28,2020-06-12,23.7,15.7,20.9,23.7,15.7,20.9,10.7,54.2,0,0,0,,0,0,37.1,27.7,27.7,13.3,5.4,257.3,997.3,45.4,19.7,224.8,19.5,7,,2020-06-12T03:39:36,2020-06-12T19:06:10,obs
"44.01777778,144.2797222",44.018,144.28,2020-06-13,27,15.4,19.9,26.7,15.4,19.9,10.4,56.3,0,0,0,,0,0,,22.3,22.3,12.5,1.8,234.5,1001.1,28.9,19,351.7,30.3,10,,2020-06-13T03:39:30,2020-06-13T19:06:39,obs
"44.01777778,144.2797222",44.018,144.28,2020-06-14,22.9,13.2,16.6,22.9,13.2,16.6,12.3,77,0,0,0,,0,0,,18.4,18.4,6.8,1.8,11.6,1004.4,43.8,20,280.6,24.3,9,,2020-06-14T03:39:27,2020-06-14T19:07:06,obs
"44.01777778,144.2797222",44.018,144.28,2020-06-15,24.3,13.1,18.7,24.3,13.1,18.7,13,70.9,0.4,100,4.17,rain,0,0,,22.3,22.3,12.3,0,174.7,999.5,66.8,19.3,180.3,15.6,5,,2020-06-15T03:39:26,2020-06-15T19:07:32,obs
"44.01777778,144.2797222",44.018,144.28,2020-06-16,19.8,13.6,16.1,19.8,13.6,16.1,13.5,84.9,12,100,8.33,rain,0,0,,16.6,16.6,8.1,1.8,160.3,1000.3,62.7,19.1,161.7,14.2,6,,2020-06-16T03:39:27,2020-06-16T19:07:55,obs
"44.01777778,144.2797222",44.018,144.28,2020-06-17,14.6,10.6,12.7,14.6,10.6,12.7,10.9,89.2,0,0,0,,0,0,,14.8,14.8,9.7,3.6,305.3,1004.7,54.6,19.2,246.2,21.6,8,,2020-06-17T03:39:30,2020-06-17T19:08:17,obs
"44.01777778,144.2797222",44.018,144.28,2020-06-18,18.1,11.7,14.1,18.1,11.7,14.1,11.9,87.3,0,0,0,,0,0,,14.8,14.8,7.2,3.6,172.9,1007.9,54.7,16.3,189.8,16.5,6,,2020-06-18T03:39:35,2020-06-18T19:08:36,obs
"44.01777778,144.2797222",44.018,144.28,2020-06-19,12.9,11.4,12.1,12.9,11.4,12.1,11,93.3,8,100,12.5,rain,0,0,,13,13,7.8,3.6,2.9,1007.8,53.5,15.1,190.5,16.5,7,,2020-06-19T03:39:42,2020-06-19T19:08:54,obs
"44.01777778,144.2797222",44.018,144.28,2020-06-20,12.7,8.9,10.9,12.7,7.1,10.7,9.6,92.1,1,100,4.17,rain,0,0,,16.6,16.6,11.8,7.6,345.5,1009.7,66.6,11.5,110.8,9.6,3,,2020-06-20T03:39:52,2020-06-20T19:09:09,obs
"44.01777778,144.2797222",44.018,144.28,2020-06-21,11.9,8.7,10.1,11.9,6.9,9.5,7.3,82.7,0,0,0,,0,0,,16.6,16.6,10.1,3.6,2.7,1015.6,61.7,18.8,225.2,19.4,6,,2020-06-21T03:40:04,2020-06-21T19:09:22,obs
"44.01777778,144.2797222",44.018,144.28,2020-06-22,16.3,9.9,13.4,16.3,9.9,13.4,10.7,84.1,7,100,8.33,rain,0,0,,19.3,19.3,8.4,1.8,173.3,1016.6,74.8,17,166.5,14.4,5,,2020-06-22T03:40:18,2020-06-22T19:09:33,obs
"44.01777778,144.2797222",44.018,144.28,2020-06-23,19.7,13.7,15.7,19.7,13.7,15.7,12.7,83.1,0,0,0,,0,0,,11.2,11.2,7.3,5.4,192.9,1015.8,61.8,19.5,287.7,24.8,8,,2020-06-23T03:40:33,2020-06-23T19:09:41,obs
"44.01777778,144.2797222",44.018,144.28,2020-06-24,15.1,11.4,13.1,15.1,11.4,13.1,11.7,91.7,0.1,100,4.17,rain,0,0,,11.2,11.2,7.4,3.6,339.5,1016.9,62.1,11,246.7,21.2,8,,2020-06-24T03:40:51,2020-06-24T19:09:48,obs
"44.01777778,144.2797222",44.018,144.28,2020-06-25,18.5,10.3,14.2,18.5,10.3,14.2,11.9,86.9,0.5,100,4.17,rain,0,0,,17.5,17.5,7.5,1.8,158.6,1014.5,83.1,14.7,135.2,11.7,5,,2020-06-25T03:41:11,2020-06-25T19:09:52,obs
"44.01777778,144.2797222",44.018,144.28,2020-06-26,18.1,12.2,14.6,18.1,12.2,14.6,10.9,78.8,0,0,0,,0,0,,18.4,18.4,13.4,5.4,182.9,1010.5,75.1,20,128.8,11.1,5,,2020-06-26T03:41:33,2020-06-26T19:09:54,obs
"44.01777778,144.2797222",44.018,144.28,2020-06-27,14.4,11.6,13.4,14.4,11.6,13.4,12.4,93.6,25,100,12.5,rain,0,0,,16.6,16.6,5.9,1.8,122.8,1006.6,68.7,13.6,97.3,8.3,2,,2020-06-27T03:41:57,2020-06-27T19:09:54,obs
"44.01777778,144.2797222",44.018,144.28,2020-06-28,18.6,12.9,14.8,18.6,12.9,14.8,12.1,84.7,4,100,4.17,rain,0,0,,14.8,14.8,7.5,1.8,135.1,1004.6,62.4,18.1,113.4,9.8,4,,2020-06-28T03:42:23,2020-06-28T19:09:51,obs
"44.01777778,144.2797222",44.018,144.28,2020-06-29,14.2,11.2,12.6,14.2,11.2,12.6,11.1,90.9,2,100,4.17,rain,0,0,,11.2,11.2,6.4,3.6,24.2,1007.5,61.1,13.2,158.5,13.6,4,,2020-06-29T03:42:51,2020-06-29T19:09:46,obs
"44.01777778,144.2797222",44.018,144.28,2020-06-30,22.8,11.6,17,22.8,11.6,17,13.1,79.5,0,0,0,,0,0,,18.4,18.4,10.4,3.6,167.5,1008.5,64.7,16.1,202.5,17.6,6,,2020-06-30T03:43:20,2020-06-30T19:09:39,obs
"44.01777778,144.2797222",44.018,144.28,2020-07-01,22.1,13.7,16.8,22.1,13.7,16.8,14.3,85.9,0.5,100,4.17,rain,0,0,,16.6,16.6,7.3,1.8,315.8,1002.9,70.2,19.7,201.7,17.5,7,,2020-07-01T03:43:51,2020-07-01T19:09:30,obs
"44.01777778,144.2797222",44.018,144.28,2020-07-02,13.9,12.1,12.9,13.9,12.1,12.9,12.4,96.9,10,100,12.5,rain,0,0,,9.4,9.4,5.1,1.8,32.6,1008.1,75.2,9,122.5,10.6,5,,2020-07-02T03:44:25,2020-07-02T19:09:18,obs
"44.01777778,144.2797222",44.018,144.28,2020-07-03,16.7,11.4,14.2,16.7,11.4,14.2,11.4,84.5,0,0,0,,0,0,,25.9,25.9,8.2,1.8,120.8,1014.1,45.7,15.7,348.7,30,10,,2020-07-03T03:44:59,2020-07-03T19:09:04,obs
"44.01777778,144.2797222",44.018,144.28,2020-07-04,24,15.4,19.1,24,15.4,19.1,13.4,70.5,0,0,0,,0,0,,30,30,17.8,9.4,202.1,1008.1,61.6,18.7,246.9,21.3,8,,2020-07-04T03:45:36,2020-07-04T19:08:48,obs
"44.01777778,144.2797222",44.018,144.28,2020-07-05,23.5,15.2,19.6,23.5,15.2,19.6,13.7,68.8,0,0,0,,0,0,,16.6,16.6,9.5,3.6,202.7,1004.4,61.5,20,276.2,23.8,9,,2020-07-05T03:46:14,2020-07-05T19:08:30,obs
"44.01777778,144.2797222",44.018,144.28,2020-07-06,25.4,18.9,21.4,25.4,18.9,21.4,15.3,68.6,0,0,0,,0,0,,18.4,18.4,10,3.6,187.8,1007.4,37.8,20,324.3,28.1,9,,2020-07-06T03:46:54,2020-07-06T19:08:09,obs
"44.01777778,144.2797222",44.018,144.28,2020-07-07,23.8,18.2,20.8,23.8,18.2,20.8,16.5,77.1,0,0,0,,0,0,,11.2,11.2,5.9,1.8,160,1005.6,73.3,19.5,210.6,18.3,8,,2020-07-07T03:47:35,2020-07-07T19:07:46,obs
"44.01777778,144.2797222",44.018,144.28,2020-07-08,26.3,16.7,21.6,26.3,16.7,21.6,18.4,82.9,0.5,100,4.17,rain,0,0,,16.6,16.6,10,3.6,183.9,1001.4,62.7,20,126.9,10.8,4,,2020-07-08T03:48:18,2020-07-08T19:07:21,obs
"44.01777778,144.2797222",44.018,144.28,2020-07-09,22.4,17.7,19.9,22.4,17.7,19.9,17.2,84.7,2,100,4.17,rain,0,0,,11.2,11.2,6.1,1.8,129.6,1005.8,51.6,17.5,305,26.4,9,,2020-07-09T03:49:02,2020-07-09T19:06:53,obs
"44.01777778,144.2797222",44.018,144.28,2020-07-10,24.6,16.1,20.4,24.6,16.1,20.4,15.8,75.9,0,0,0,,0,0,,13,13,5.7,1.8,28.6,1009.6,31,20,340.9,29.6,9,,2020-07-10T03:49:48,2020-07-10T19:06:24,obs
"44.01777778,144.2797222",44.018,144.28,2020-07-11,19.7,15.7,17.9,19.7,15.7,17.9,15.8,88.1,0,0,0,,0,0,,13,13,8.7,3.6,347.8,1009.4,72,15.9,155.3,13.4,6,,2020-07-11T03:50:35,2020-07-11T19:05:52,obs
"44.01777778,144.2797222",44.018,144.28,2020-07-12,15.6,13.4,14.3,15.6,13.4,14.3,13.4,94.3,1.5,100,8.33,rain,0,0,,13,13,9.1,3.6,22.9,1010.9,68.2,10,190,16.4,6,,2020-07-12T03:51:23,2020-07-12T19:05:18,obs
"44.01777778,144.2797222",44.018,144.28,2020-07-13,16.6,13.7,14.8,16.6,13.7,14.8,12.7,87.2,0,0,0,,0,0,,13,13,8,3.6,341.8,1011.6,56.7,18.5,211.7,18.3,7,,2020-07-13T03:52:13,2020-07-13T19:04:41,obs
"44.01777778,144.2797222",44.018,144.28,2020-07-14,17.1,12.1,15.2,17.1,12.1,15.2,13,86.6,0,0,0,,0,0,,11.2,11.2,8.1,3.6,40.1,1010.3,58.1,19.9,243.1,21,7,,2020-07-14T03:53:04,2020-07-14T19:04:03,obs
"44.01777778,144.2797222",44.018,144.28,2020-07-15,18.6,13.6,16.4,18.6,13.6,16.4,13,80.9,0,0,0,,0,0,,13,13,6.5,1.8,100.7,1007.2,61.3,18.9,228.8,19.6,8,,2020-07-15T03:53:56,2020-07-15T19:03:23,obs
"44.01777778,144.2797222",44.018,144.28,2020-07-16,20.2,12.7,16.9,20.2,12.7,16.9,12.9,77.9,0,0,0,,0,0,,13,13,7.1,1.8,144.4,1007.9,55.3,19.8,267.6,23.2,9,,2020-07-16T03:54:49,2020-07-16T19:02:40,obs
"44.01777778,144.2797222",44.018,144.28,2020-07-17,21.4,14.9,18.5,21.4,14.9,18.5,14.1,76,0,0,0,,0,0,,16.6,16.6,7.6,1.8,163.5,1011.5,34.6,20,300.5,25.8,9,,2020-07-17T03:55:43,2020-07-17T19:01:55,obs
"44.01777778,144.2797222",44.018,144.28,2020-07-18,28.1,16.6,22.4,28.6,16.6,22.5,15.9,67.8,0,0,0,,0,0,,18.4,18.4,10.7,3.6,186.3,1012.6,35.2,20,343,29.6,9,,2020-07-18T03:56:38,2020-07-18T19:01:08,obs
"44.01777778,144.2797222",44.018,144.28,2020-07-19,22.4,16.9,19.5,22.4,16.9,19.5,15,75.5,0,0,0,,0,0,,13,13,7.2,3.6,43.5,1012.1,44.5,20,317.7,27.4,9,,2020-07-19T03:57:34,2020-07-19T19:00:20,obs
"44.01777778,144.2797222",44.018,144.28,2020-07-20,21.2,17.4,19.4,21.2,17.4,19.4,16.4,83.4,0,0,0,,0,0,,11.2,11.2,6.1,1.8,27.2,1012.6,26.9,19.5,330,28.5,9,,2020-07-20T03:58:31,2020-07-20T18:59:29,obs
"44.01777778,144.2797222",44.018,144.28,2020-07-21,22.1,15.9,18.9,22.1,15.9,18.9,16.5,86.5,0,0,0,,0,0,,7.6,7.6,4.7,1.8,45.4,1010.9,75.9,14.6,243,21,8,,2020-07-21T03:59:29,2020-07-21T18:58:36,obs
"44.01777778,144.2797222",44.018,144.28,2020-07-22,22.6,17.2,19.2,22.6,17.2,19.2,17.3,89.3,12,100,8.33,rain,0,0,,13,13,9.3,5.4,183.4,1008.9,75.3,17.3,141.6,12,5,,2020-07-22T04:00:28,2020-07-22T18:57:41,obs
"44.01777778,144.2797222",44.018,144.28,2020-07-23,19,16.2,17.3,19,16.2,17.3,16,91.9,14,100,8.33,rain,0,0,,13,13,9.7,5.4,279,1010.8,73.2,14.8,90.4,7.7,3,,2020-07-23T04:01:28,2020-07-23T18:56:44,obs
"44.01777778,144.2797222",44.018,144.28,2020-07-24,18.3,14.4,16.3,18.3,14.4,16.3,15.3,93.9,2.5,100,8.33,rain,0,0,,20.5,20.5,10.2,7.6,320.2,1010.8,60,12.3,205.5,17.7,6,,2020-07-24T04:02:28,2020-07-24T18:55:46,obs
"44.01777778,144.2797222",44.018,144.28,2020-07-25,17.1,13.7,15.1,17.1,13.7,15.1,12.8,86.8,1,100,4.17,rain,0,0,,11.2,11.2,7.6,1.8,45.5,1015.7,67.1,14.3,256.1,22,8,,2020-07-25T04:03:29,2020-07-25T18:54:45,obs
"44.01777778,144.2797222",44.018,144.28,2020-07-26,17.6,14.9,15.9,17.6,14.9,15.9,13.1,83.6,0,0,0,,0,0,,11.2,11.2,6.4,1.8,59,1017.7,74.7,19,206.3,17.5,7,,2020-07-26T04:04:31,2020-07-26T18:53:43,obs
"44.01777778,144.2797222",44.018,144.28,2020-07-27,20.2,12.4,17.7,20.2,12.4,17.7,14.7,83.1,0,0,0,,0,0,,13,13,7.7,0,124.1,1016.2,70.6,19.9,239.8,20.6,8,,2020-07-27T04:05:34,2020-07-27T18:52:39,obs
"44.01777778,144.2797222",44.018,144.28,2020-07-28,19.1,16.2,17.4,19.1,16.2,17.4,14.6,84.1,0,0,0,,0,0,,13,13,7.2,1.8,160.5,1015.5,61.2,19.9,199.1,17.1,6,,2020-07-28T04:06:37,2020-07-28T18:51:33,obs
"44.01777778,144.2797222",44.018,144.28,2020-07-29,19.7,16.9,18.5,19.7,16.9,18.5,15.7,84,0,0,0,,0,0,,13,13,5.9,0,101.9,1015.6,50.4,18.4,253.9,21.9,8,,2020-07-29T04:07:40,2020-07-29T18:50:25,obs
"44.01777778,144.2797222",44.018,144.28,2020-07-30,24.6,17.9,21.1,24.6,17.9,21.1,16.2,74.4,0,0,0,,0,0,,22.3,22.3,10.2,1.8,216.2,1013.3,28.9,19.2,319.9,27.6,9,,2020-07-30T04:08:44,2020-07-30T18:49:16,obs
"44.01777778,144.2797222",44.018,144.28,2020-07-31,24.1,17.5,21.3,24.1,17.5,21.3,17.1,77.4,0,0,0,,0,0,,11.2,11.2,5.7,1.8,46,1011.5,28.9,18.6,323.1,28.1,9,,2020-07-31T04:09:49,2020-07-31T18:48:05,obs
"44.01777778,144.2797222",44.018,144.28,2020-08-01,20.9,17.2,18.9,20.9,17.2,18.9,17.5,91.7,0,0,0,,0,0,,11.2,11.2,5.7,1.8,53.2,1014.7,53.4,12.4,268.5,23.3,8,,2020-08-01T04:10:54,2020-08-01T18:46:53,obs
"44.01777778,144.2797222",44.018,144.28,2020-08-02,27.8,17.9,23.2,28.9,17.9,23.5,17.9,73.2,0,0,0,,0,0,,18.4,18.4,13.3,9.4,179.9,1013.8,63.6,20,278.3,24.1,9,,2020-08-02T04:11:59,2020-08-02T18:45:38,obs
"44.01777778,144.2797222",44.018,144.28,2020-08-03,27.9,20.4,23.7,28.9,20.4,24,17.9,70.7,0,0,0,,0,0,,18.4,18.4,12.2,5.4,190,1012.7,54,19.2,285.6,24.5,9,,2020-08-03T04:13:05,2020-08-03T18:44:23,obs
"44.01777778,144.2797222",44.018,144.28,2020-08-04,30.8,20.9,25,34.1,20.9,25.9,20.7,77.9,3,100,4.17,rain,0,0,,16.6,16.6,11.3,5.4,199.2,1009.9,74,17.4,209.8,18,7,,2020-08-04T04:14:11,2020-08-04T18:43:05,obs
"44.01777778,144.2797222",44.018,144.28,2020-08-05,25.9,18.2,21.1,25.9,18.2,21.1,19.6,91.4,5,100,4.17,rain,0,0,,16.6,16.6,7.1,1.8,358.8,1011.3,68.8,9.3,205.2,17.7,7,,2020-08-05T04:15:17,2020-08-05T18:41:47,obs
"44.01777778,144.2797222",44.018,144.28,2020-08-06,19.1,17.4,18,19.1,17.4,18,17.2,95.2,0,0,0,,0,0,,11.2,11.2,6.5,3.6,44.4,1012,67.6,11,115.7,9.9,4,,2020-08-06T04:16:24,2020-08-06T18:40:26,obs
"44.01777778,144.2797222",44.018,144.28,2020-08-07,29.3,14.2,22.5,30.5,14.2,22.8,17.5,75.8,0.5,100,4.17,rain,0,0,59.4,29.5,29.5,16.8,3.6,188,999,72.4,18.5,168.5,14.5,6,,2020-08-07T04:17:31,2020-08-07T18:39:05,obs
"44.01777778,144.2797222",44.018,144.28,2020-08-08,19,14.1,17,19,14.1,17,12.7,76.1,0,0,0,,0,0,,22.3,22.3,12.9,5.4,329.7,1009.7,67.3,19.6,227.1,19.7,9,,2020-08-08T04:18:38,2020-08-08T18:37:42,obs
"44.01777778,144.2797222",44.018,144.28,2020-08-09,25.6,16.4,20.8,25.6,16.4,20.8,15.4,72.7,0,0,0,,0,0,,18.4,18.4,11,5.4,186.3,1010.1,52.1,20,257.6,22.3,8,,2020-08-09T04:19:46,2020-08-09T18:36:17,obs
"44.01777778,144.2797222",44.018,144.28,2020-08-10,23.4,18.7,21.8,23.4,18.7,21.8,18.8,83.1,0.5,100,4.17,rain,0,0,,14.8,14.8,8.1,3.6,180.4,1009.3,53,19.8,207.9,17.9,7,,2020-08-10T04:20:53,2020-08-10T18:34:52,obs
"44.01777778,144.2797222",44.018,144.28,2020-08-11,35.8,22.7,28.2,39.7,22.7,29.8,20.7,65.5,0,0,0,,0,0,53.6,29.5,29.5,13.9,3.6,208.5,1004.5,38.1,20,287.3,24.7,9,,2020-08-11T04:22:01,2020-08-11T18:33:25,obs
"44.01777778,144.2797222",44.018,144.28,2020-08-12,27.9,21.4,24.7,29.2,21.4,24.9,18.8,70.3,0,0,0,,0,0,,22.3,22.3,8.1,1.8,148.7,1004.2,23.5,20,285,24.7,9,,2020-08-12T04:23:09,2020-08-12T18:31:56,obs
"44.01777778,144.2797222",44.018,144.28,2020-08-13,25.1,14.4,19.9,25.1,14.4,19.9,16.5,81.3,0.5,100,4.17,rain,0,0,,22.3,22.3,10.9,3.6,332.1,1005.9,34.1,17.6,266.9,23,8,,2020-08-13T04:24:17,2020-08-13T18:30:27,obs
"44.01777778,144.2797222",44.018,144.28,2020-08-14,17.7,14.2,15.8,17.7,14.2,15.8,12.4,80.6,0,0,0,,0,0,,14.8,14.8,10.1,5.4,93.1,1010.8,65,20,161.3,13.9,5,,2020-08-14T04:25:25,2020-08-14T18:28:56,obs
"44.01777778,144.2797222",44.018,144.28,2020-08-15,23.3,13.6,18.6,23.3,13.6,18.6,14.8,79.4,5,100,8.33,rain,0,0,,29.5,29.5,15,9.4,183.4,1004.3,55.7,19.3,148.3,12.6,5,,2020-08-15T04:26:33,2020-08-15T18:27:24,obs
"44.01777778,144.2797222",44.018,144.28,2020-08-16,22.6,19.1,20.4,22.6,19.1,20.4,18,86.4,2,100,4.17,rain,0,0,,11.2,11.2,7.2,1.8,117.3,1006.2,29.3,20,260.3,22.6,8,,2020-08-16T04:27:42,2020-08-16T18:25:52,obs
"44.01777778,144.2797222",44.018,144.28,2020-08-17,24.9,17.7,21.5,24.9,17.7,21.5,18.3,82.9,0,0,0,,0,0,,11.2,11.2,5.7,1.8,23.5,1007.9,32,20,264.9,22.9,9,,2020-08-17T04:28:50,2020-08-17T18:24:18,obs
"44.01777778,144.2797222",44.018,144.28,2020-08-18,21.1,16.9,18.6,21.1,16.9,18.6,16.4,87,0,0,0,,0,0,,20.5,20.5,9.5,5.4,34.2,1011.2,58.8,19.5,257.7,22.1,8,,2020-08-18T04:29:58,2020-08-18T18:22:43,obs
"44.01777778,144.2797222",44.018,144.28,2020-08-19,30.8,20.7,24.7,32.3,20.7,25,18.2,68,0,0,0,,0,0,,20.5,20.5,11.3,3.6,208.7,1005.2,48.1,19.6,258.5,22.4,8,,2020-08-19T04:31:07,2020-08-19T18:21:07,obs
"44.01777778,144.2797222",44.018,144.28,2020-08-20,22.9,17.7,20.4,22.9,17.7,20.4,17.5,83.6,1,100,4.17,rain,0,0,,18.4,18.4,7.3,1.8,352.1,1009.2,42.9,16.8,211.3,18.2,6,,2020-08-20T04:32:15,2020-08-20T18:19:30,obs
"44.01777778,144.2797222",44.018,144.28,2020-08-21,20.2,14.4,17.8,20.2,14.4,17.8,13.9,78.5,0,0,0,,0,0,,9.4,9.4,6,1.8,281.7,1014.8,54.1,20,231.2,20,7,,2020-08-21T04:33:24,2020-08-21T18:17:52,obs
"44.01777778,144.2797222",44.018,144.28,2020-08-22,23.1,14.7,19.3,23.1,14.7,19.3,13,68.7,0,0,0,,0,0,,14.8,14.8,8,3.6,150.1,1013.8,50.1,20,211.8,18.3,6,,2020-08-22T04:34:32,2020-08-22T18:16:13,obs
"44.01777778,144.2797222",44.018,144.28,2020-08-23,22.9,16.7,19.8,22.9,16.7,19.8,14,69.9,0,0,0,,0,0,,18.4,18.4,9.8,1.8,193.2,1011.1,30.8,20,294.8,25.5,9,,2020-08-23T04:35:41,2020-08-23T18:14:33,obs
"44.01777778,144.2797222",44.018,144.28,2020-08-24,25.1,16.9,20.9,25.1,16.9,20.9,16.7,77.6,0,0,0,,0,0,,13,13,7,0,117.7,1011.7,34.4,20,278.5,24,9,,2020-08-24T04:36:49,2020-08-24T18:12:53,obs
"44.01777778,144.2797222",44.018,144.28,2020-08-25,26.7,17.4,22.3,26.7,17.4,22.3,17.3,73.7,0,0,0,,0,0,,13,13,8.7,3.6,163,1010.4,62.7,20,264.7,22.9,8,,2020-08-25T04:37:58,2020-08-25T18:11:11,obs
"44.01777778,144.2797222",44.018,144.28,2020-08-26,25.3,21.7,24,25.3,21.7,24,18.4,71,0,0,0,,0,0,,7.6,7.6,4.7,1.8,1.6,1011.4,55.6,20,268.8,23.3,8,,2020-08-26T04:39:06,2020-08-26T18:09:29,obs
"44.01777778,144.2797222",44.018,144.28,2020-08-27,26.4,19.9,23.9,26.4,19.9,23.9,19.5,76.9,0,0,0,,0,0,,7.6,7.6,5.1,1.8,355.3,1012.7,21.1,20,250.5,21.7,8,,2020-08-27T04:40:14,2020-08-27T18:07:47,obs
"44.01777778,144.2797222",44.018,144.28,2020-08-28,25.4,21.6,23.5,25.4,21.6,23.5,20.6,83.8,0,0,0,,0,0,,11.2,11.2,6.2,1.8,94.8,1010,30.4,19.3,219.3,18.8,8,,2020-08-28T04:41:23,2020-08-28T18:06:03,obs
"44.01777778,144.2797222",44.018,144.28,2020-08-29,25.4,15.1,18.6,25.4,15.1,18.6,16.3,86.8,14,100,8.33,rain,0,0,44.6,22.3,22.3,15,1.8,24.5,1013.4,57.7,15,134.7,11.7,4,,2020-08-29T04:42:31,2020-08-29T18:04:19,obs
"44.01777778,144.2797222",44.018,144.28,2020-08-30,16.2,12.7,14.7,16.2,12.7,14.7,10.1,74,2,100,4.17,rain,0,0,,16.6,16.6,10.1,5.4,154.9,1020.7,79.1,19.4,73.8,6.5,2,,2020-08-30T04:43:39,2020-08-30T18:02:34,obs
"44.01777778,144.2797222",44.018,144.28,2020-08-31,17.7,12.1,14.7,17.7,12.1,14.7,9,69.2,0,0,0,,0,0,,22.3,22.3,13,7.6,160.6,1022.3,80,20,209.6,18,8,,2020-08-31T04:44:48,2020-08-31T18:00:48,obs
"44.01777778,144.2797222",44.018,144.28,2020-09-01,21.7,12.7,17.1,21.7,12.7,17.1,11,68.5,0,0,0,,0,0,,25.9,25.9,15.5,11.2,182.3,1020,48.8,20,260.8,22.5,8,,2020-09-01T04:45:56,2020-09-01T17:59:02,obs
"44.01777778,144.2797222",44.018,144.28,2020-09-02,26.8,14.6,20.7,27.5,14.6,20.7,14.5,68.7,0,0,0,,0,0,40.7,20.5,20.5,15.3,7.6,185.9,1018.4,32.3,20,217.5,18.9,7,,2020-09-02T04:47:04,2020-09-02T17:57:16,obs
"44.01777778,144.2797222",44.018,144.28,2020-09-03,27.1,18.7,22.7,27.8,18.7,22.7,16.5,69.1,0,0,0,,0,0,,27.7,27.7,18.8,9.4,184.3,1017.6,39.7,20,233.5,20.1,8,,2020-09-03T04:48:13,2020-09-03T17:55:29,obs
"44.01777778,144.2797222",44.018,144.28,2020-09-04,30.6,19.6,24.4,32.9,19.6,25,19.1,73.5,0,0,0,,0,0,,22.3,22.3,13.5,0,193.8,1016.3,40.2,19.8,190.2,16.4,6,,2020-09-04T04:49:21,2020-09-04T17:53:41,obs
"44.01777778,144.2797222",44.018,144.28,2020-09-05,26.3,20.7,22.7,26.3,20.7,22.7,20.3,86.4,0,0,0,,0,0,,14.8,14.8,7.9,3.6,192.3,1016.9,61.7,18.5,162.4,13.9,5,,2020-09-05T04:50:29,2020-09-05T17:51:53,obs
"44.01777778,144.2797222",44.018,144.28,2020-09-06,29.2,21.6,24.4,30.5,21.6,24.7,18.1,68.9,0,0,0,,0,0,,18.4,18.4,10.3,3.6,177,1015.6,39.5,20,257.1,22,8,,2020-09-06T04:51:37,2020-09-06T17:50:04,obs
"44.01777778,144.2797222",44.018,144.28,2020-09-07,27.6,20.9,23.2,29.2,20.9,23.2,19.7,81.5,0,0,0,,0,0,,14.8,14.8,8,3.6,211.2,1013.2,53.9,20,201.5,17.4,7,,2020-09-07T04:52:46,2020-09-07T17:48:15,obs
"44.01777778,144.2797222",44.018,144.28,2020-09-08,23.1,20.2,21.5,23.1,20.2,21.5,20.3,92.8,0.5,100,4.17,rain,0,0,,7.6,7.6,5.4,1.8,60.8,1012.8,61.9,14.8,234.8,20.3,8,,2020-09-08T04:53:54,2020-09-08T17:46:26,obs
"44.01777778,144.2797222",44.018,144.28,2020-09-09,31.3,20.2,24.6,32,20.2,24.8,19.7,75.8,0,0,0,,0,0,,18.4,18.4,7.3,1.8,198.9,1011.4,43.5,18.2,205.8,17.6,8,,2020-09-09T04:55:02,2020-09-09T17:44:37,obs
"44.01777778,144.2797222",44.018,144.28,2020-09-10,24.3,17.4,21.5,24.3,17.4,21.5,18.3,82.6,4,100,4.17,rain,0,0,,24.1,24.1,6.6,1.8,334.3,1011.2,62.1,12.6,88.7,7.7,4,,2020-09-10T04:56:10,2020-09-10T17:42:47,obs
"44.01777778,144.2797222",44.018,144.28,2020-09-11,16.7,15.3,15.9,16.7,15.3,15.9,12.8,82.2,1,100,4.17,rain,0,0,,24.1,24.1,16.5,11.2,15.2,1021.8,68.3,16.1,146.5,12.7,6,,2020-09-11T04:57:19,2020-09-11T17:40:56,obs
"44.01777778,144.2797222",44.018,144.28,2020-09-12,18.3,12.7,15.7,18.3,12.7,15.7,8.6,62.6,0,0,0,,0,0,,16.6,16.6,12.5,5.4,86.6,1028,72.5,20,138.4,11.8,6,,2020-09-12T04:58:27,2020-09-12T17:39:06,obs
"44.01777778,144.2797222",44.018,144.28,2020-09-13,17.2,12.1,14.3,17.2,12.1,14.3,6.5,59.6,0,0,0,,0,0,,14.8,14.8,9.5,3.6,158.7,1023.1,74.6,20,135.6,11.6,5,,2020-09-13T04:59:35,2020-09-13T17:37:15,obs
"44.01777778,144.2797222",44.018,144.28,2020-09-14,18.3,12.2,14.5,18.3,12.2,14.5,7.6,64,0,0,0,,0,0,,20.5,20.5,12.9,5.4,177.9,1018.4,61.1,20,171.3,14.9,6,,2020-09-14T05:00:44,2020-09-14T17:35:24,obs
"44.01777778,144.2797222",44.018,144.28,2020-09-15,20.6,12.6,16.4,20.6,12.6,16.4,10.7,69.4,0,0,0,,0,0,,22.3,22.3,14.6,9.4,176.7,1016.9,45.4,20,190.4,16.4,7,,2020-09-15T05:01:52,2020-09-15T17:33:33,obs
"44.01777778,144.2797222",44.018,144.28,2020-09-16,24.2,15.9,19.3,24.2,15.9,19.3,15,76.9,3,100,4.17,rain,0,0,,24.1,24.1,13.6,5.4,179.8,1016.1,61.1,19.4,191.9,16.4,7,,2020-09-16T05:03:01,2020-09-16T17:31:42,obs
"44.01777778,144.2797222",44.018,144.28,2020-09-17,23.1,16.4,19.7,23.1,16.4,19.7,16.9,84.4,7,100,4.17,rain,0,0,,16.6,16.6,10.6,3.6,180.5,1013.2,74.4,18.4,149.4,12.9,6,,2020-09-17T05:04:09,2020-09-17T17:29:51,obs
"44.01777778,144.2797222",44.018,144.28,2020-09-18,20.9,18.1,19,20.9,18.1,19,17.7,93,22,100,8.33,rain,0,0,,18.4,18.4,8.1,3.6,197.2,1005.7,71.5,13.9,50.8,4.4,2,,2020-09-18T05:05:18,2020-09-18T17:28:00,obs
"44.01777778,144.2797222",44.018,144.28,2020-09-19,24.7,16.4,19.9,24.7,16.4,19.9,13.1,66.9,0,0,0,,0,0,,18.4,18.4,11.1,3.6,236.6,1005.5,29,20,219.5,19,8,,2020-09-19T05:06:27,2020-09-19T17:26:08,obs
"44.01777778,144.2797222",44.018,144.28,2020-09-20,22.7,15.7,18.6,22.7,15.7,18.6,11.6,64.6,0,0,0,,0,0,,16.6,16.6,10.4,1.8,250.1,1011.7,42,20,194.1,16.7,6,,2020-09-20T05:07:35,2020-09-20T17:24:17,obs
"44.01777778,144.2797222",44.018,144.28,2020-09-21,19.8,14.2,16.5,19.8,14.2,16.5,13.8,84.3,0,0,0,,0,0,,13,13,8.4,5.4,301,1014.8,62.3,19,173.2,15,6,,2020-09-21T05:08:44,2020-09-21T17:22:25,obs
"44.01777778,144.2797222",44.018,144.28,2020-09-22,16.9,14.7,15.8,16.9,14.7,15.8,11.9,78,1,100,8.33,rain,0,0,,14.8,14.8,9.4,5.4,24.8,1021.9,60.4,19.1,188.3,16.5,7,,2020-09-22T05:09:54,2020-09-22T17:20:34,obs
"44.01777778,144.2797222",44.018,144.28,2020-09-23,17.8,13.1,15.8,17.8,13.1,15.8,10.4,70.3,0,0,0,,0,0,,16.6,16.6,9.9,3.6,82.7,1025.1,40.3,20,211.6,18.3,7,,2020-09-23T05:11:03,2020-09-23T17:18:43,obs
"44.01777778,144.2797222",44.018,144.28,2020-09-24,16.7,11.4,14.1,16.7,11.4,14.1,8.4,69,0,0,0,,0,0,,13,13,7.9,1.8,169.8,1026,41.5,20,217.8,18.7,7,,2020-09-24T05:12:12,2020-09-24T17:16:52,obs
"44.01777778,144.2797222",44.018,144.28,2020-09-25,16.3,9.6,13.5,16.3,7.2,13.3,6.6,63.2,0,0,0,,0,0,,24.1,24.1,12,7.6,162.5,1025.8,63.1,20,108.4,9.2,5,,2020-09-25T05:13:22,2020-09-25T17:15:01,obs
"44.01777778,144.2797222",44.018,144.28,2020-09-26,14.8,12.4,13.8,14.8,12.4,13.8,11,82.9,19,100,12.5,rain,0,0,51.8,35.3,35.3,26.6,14.8,64.1,1018.9,75.4,13.7,75.4,6.6,4,,2020-09-26T05:14:31,2020-09-26T17:13:10,obs
"44.01777778,144.2797222",44.018,144.28,2020-09-27,14.4,12.4,13.2,14.4,12.4,13.2,12,92.5,9,100,12.5,rain,0,0,42.5,37.1,37.1,30.3,22.3,12.5,1010,69.7,8.1,56.6,5.1,2,,2020-09-27T05:15:41,2020-09-27T17:11:19,obs
"44.01777778,144.2797222",44.018,144.28,2020-09-28,14.9,10.4,12.6,14.9,10.4,12.6,8.5,76.8,0.5,100,4.17,rain,0,0,46.4,31.7,31.7,20.8,5.4,327.7,1010.3,33.5,15.6,194.5,16.9,7,,2020-09-28T05:16:51,2020-09-28T17:09:29,obs
"44.01777778,144.2797222",44.018,144.28,2020-09-29,21.2,10.1,15.2,21.2,10.1,15.2,9.8,71.8,0,0,0,,0,0,,20.5,20.5,9.7,3.6,201.9,1011.8,34.7,19.5,214.7,18.5,7,,2020-09-29T05:18:02,2020-09-29T17:07:39,obs
"44.01777778,144.2797222",44.018,144.28,2020-09-30,19.7,12.1,15.3,19.7,12.1,15.3,11.2,77.6,0,0,0,,0,0,,13,13,9.2,3.6,169.8,1011.8,68,20,96.2,8.2,3,,2020-09-30T05:19:12,2020-09-30T17:05:49,obs
"44.01777778,144.2797222",44.018,144.28,2020-10-01,16.1,11.1,13.7,16.1,11.1,13.7,11.2,85.5,0,0,0,,0,0,,11.2,11.2,8.1,5.4,343.8,1013.8,71.3,18.3,95.3,8.1,3,,2020-10-01T05:20:23,2020-10-01T17:03:59,obs
"44.01777778,144.2797222",44.018,144.28,2020-10-02,16.5,12.4,14.2,16.5,12.4,14.2,11,81.8,1.5,100,8.33,rain,0,0,,11.2,11.2,7.1,3.6,56.3,1018.3,69.6,17.7,138.3,11.7,6,,2020-10-02T05:21:34,2020-10-02T17:02:10,obs
"44.01777778,144.2797222",44.018,144.28,2020-10-03,19,12.9,15.9,19,12.9,15.9,12.4,79.7,0.5,100,4.17,rain,0,0,,22.3,22.3,13.8,5.4,184.3,1014.4,57.8,19,98.7,8.4,4,,2020-10-03T05:22:45,2020-10-03T17:00:21,obs
"44.01777778,144.2797222",44.018,144.28,2020-10-04,18.7,13.2,15.8,18.7,13.2,15.8,12.3,80.3,0.5,100,4.17,rain,0,0,,18.4,18.4,7.3,3.6,193.8,1011.1,71.6,19.4,107.1,9.2,5,,2020-10-04T05:23:56,2020-10-04T16:58:33,obs
"44.01777778,144.2797222",44.018,144.28,2020-10-05,19.9,12.4,14.5,19.9,12.4,14.5,9.8,76.1,17,100,12.5,rain,0,0,,24.1,24.1,12.4,5.4,220.3,999.5,54.3,16.7,143.2,12.4,6,,2020-10-05T05:25:08,2020-10-05T16:56:45,obs
"44.01777778,144.2797222",44.018,144.28,2020-10-06,18.4,10.1,13.6,18.4,10.1,13.6,7.1,66.3,1,100,4.17,rain,0,0,,22.3,22.3,12.9,3.6,269.3,1008.4,37.2,19.2,192.7,16.6,7,,2020-10-06T05:26:20,2020-10-06T16:54:57,obs
"44.01777778,144.2797222",44.018,144.28,2020-10-07,17.3,10.7,13.1,17.3,10.7,13.1,9.3,78.6,1.5,100,8.33,rain,0,0,,13,13,8.2,3.6,246.3,1021.3,43.4,19,174.7,15.1,6,,2020-10-07T05:27:32,2020-10-07T16:53:10,obs
"44.01777778,144.2797222",44.018,144.28,2020-10-08,15.5,9.4,12.1,15.5,7.2,11.8,6.3,69.1,0,0,0,,0,0,,14.8,14.8,8.8,1.8,250.8,1027,73.2,20,95.3,8.4,4,,2020-10-08T05:28:45,2020-10-08T16:51:24,obs
"44.01777778,144.2797222",44.018,144.28,2020-10-09,16.4,8.6,12.1,16.4,6.4,11.5,5.2,64.6,0,0,0,,0,0,,18.4,18.4,11.5,5.4,281,1028.6,25,20,184.3,15.9,7,,2020-10-09T05:29:57,2020-10-09T16:49:38,obs
"44.01777778,144.2797222",44.018,144.28,2020-10-10,17,7.2,11.9,17,5.8,11.7,6.1,69.2,0,0,0,,0,0,,16.6,16.6,10.3,1.8,187.9,1026.6,58.1,20,104.6,9.1,4,,2020-10-10T05:31:10,2020-10-10T16:47:52,obs
"44.01777778,144.2797222",44.018,144.28,2020-10-11,17.8,8.9,13.1,17.8,8,13,7.2,68.2,0,0,0,,0,0,,18.4,18.4,14.6,3.6,173,1021.6,50.5,20,172.2,15,6,,2020-10-11T05:32:24,2020-10-11T16:46:08,obs
"44.01777778,144.2797222",44.018,144.28,2020-10-12,18.8,10.7,15.3,18.8,10.7,15.3,11.3,77.6,1,100,4.17,rain,0,0,,24.1,24.1,17.4,11.2,172.7,1015.8,86.6,18.2,87.4,7.6,4,,2020-10-12T05:33:37,2020-10-12T16:44:24,obs
"44.01777778,144.2797222",44.018,144.28,2020-10-13,17.5,12.1,15,17.5,12.1,15,11.5,80.1,28,100,8.33,rain,0,0,,20.5,20.5,12.8,5.4,330.3,1010.3,75.2,18,144.2,12.3,6,,2020-10-13T05:34:51,2020-10-13T16:42:41,obs
"44.01777778,144.2797222",44.018,144.28,2020-10-14,17,8.2,11.9,17,6.2,11.4,3.8,59.5,0,0,0,,0,0,35.3,20.5,20.5,12.5,5.4,245.3,1014,45.7,19.6,130,11.3,6,,2020-10-14T05:36:06,2020-10-14T16:40:58,obs
"44.01777778,144.2797222",44.018,144.28,2020-10-15,10.3,5.7,7.9,10.3,3.2,6.2,1,61.7,0.5,100,4.17,rain,0,0,,13,13,10.3,5.4,262.6,1018.4,53.8,20,145.1,12.5,5,,2020-10-15T05:37:20,2020-10-15T16:39:16,obs
"44.01777778,144.2797222",44.018,144.28,2020-10-16,14.6,4.6,9.4,14.6,1.6,8.2,1.2,58.6,0,0,0,,0,0,,20.5,20.5,11.8,5.4,228.9,1019.9,40.2,20,170.2,14.8,6,,2020-10-16T05:38:35,2020-10-16T16:37:35,obs
"44.01777778,144.2797222",44.018,144.28,2020-10-17,15.3,6.4,11,15.3,4.8,10.2,3.4,61.2,0,0,0,,0,0,,16.6,16.6,9.2,1.8,232.4,1018.9,40.8,20,172,14.8,6,,2020-10-17T05:39:50,2020-10-17T16:35:55,obs
"44.01777778,144.2797222",44.018,144.28,2020-10-18,18.1,8.4,12.8,18.1,5.9,12.1,2.4,51.1,0,0,0,,0,0,,20.5,20.5,12.9,1.8,221.2,1017.9,13.8,20,174.4,15.1,6,,2020-10-18T05:41:06,2020-10-18T16:34:16,obs
"44.01777778,144.2797222",44.018,144.28,2020-10-19,15.9,8.7,11.7,15.9,7.2,11.2,4.2,60.8,0,0,0,,0,0,,20.5,20.5,13.5,3.6,248.5,1018.4,26.1,20,157.7,13.8,6,,2020-10-19T05:42:22,2020-10-19T16:32:38,obs
"44.01777778,144.2797222",44.018,144.28,2020-10-20,12.8,5.7,9.5,12.8,4,8.7,3.8,68.6,0,0,0,,0,0,,20.5,20.5,10.7,3.6,290.3,1023.8,27.3,20,147.9,12.8,6,,2020-10-20T05:43:38,2020-10-20T16:31:01,obs
"44.01777778,144.2797222",44.018,144.28,2020-10-21,14.6,5.6,10.5,14.6,3.2,9.6,3.2,63,0,0,0,,0,0,,18.4,18.4,11,7.6,200.1,1026.6,33.8,20,165.9,14.3,6,,2020-10-21T05:44:54,2020-10-21T16:29:25,obs
"44.01777778,144.2797222",44.018,144.28,2020-10-22,18.1,10.1,13.7,18.1,10.1,13.7,8.6,72.2,0,0,0,,0,0,42.5,18.4,18.4,12.9,7.6,189.7,1018.3,79.5,20,72.2,6.2,3,,2020-10-22T05:46:11,2020-10-22T16:27:49,obs
"44.01777778,144.2797222",44.018,144.28,2020-10-23,16.6,13.7,15.4,16.6,13.7,15.4,12.3,81.8,2.5,100,8.33,rain,0,0,64.8,27.7,27.7,16.2,1.8,171.3,1002.6,82.6,19.8,19.3,1.6,1,,2020-10-23T05:47:28,2020-10-23T16:26:15,obs
"44.01777778,144.2797222",44.018,144.28,2020-10-24,15.9,8.2,12,15.9,5.3,11.4,0.7,48.3,0,0,0,,0,0,42.5,22.3,22.3,15.5,5.4,210,994.5,26.2,20,158.9,13.9,6,,2020-10-24T05:48:46,2020-10-24T16:24:42,obs
"44.01777778,144.2797222",44.018,144.28,2020-10-25,12.6,7.2,10,12.6,4.9,8.7,1.1,54.1,0,0,0,,0,0,,24.1,24.1,13.2,5.4,230.5,999.1,63.7,20,129.5,11.2,5,,2020-10-25T05:50:03,2020-10-25T16:23:11,obs
"44.01777778,144.2797222",44.018,144.28,2020-10-26,13.5,6.2,9.7,13.5,4.6,8.8,4.4,70.3,0,0,0,,0,0,38.9,20.5,20.5,12.5,5.4,288.3,1011.3,48.1,19.8,144.6,12.4,6,,2020-10-26T05:51:21,2020-10-26T16:21:40,obs
"44.01777778,144.2797222",44.018,144.28,2020-10-27,11.8,6.7,8.5,11.8,5,7.5,4.8,78.3,0,0,0,,0,0,,13,13,8.3,3.6,272.5,1019.7,55.8,20,135,11.6,5,,2020-10-27T05:52:39,2020-10-27T16:20:10,obs
"44.01777778,144.2797222",44.018,144.28,2020-10-28,14.4,5.2,9.9,14.4,4.4,9.1,4.6,70.8,0,0,0,,0,0,,14.8,14.8,9.2,3.6,186.1,1019.8,67.4,20,94.2,8.1,4,,2020-10-28T05:53:58,2020-10-28T16:18:42,obs
"44.01777778,144.2797222",44.018,144.28,2020-10-29,10.9,7.9,9.6,10.9,5.1,8.3,6.1,79.1,12.5,100,8.33,rain,0,0,57.6,25.9,25.9,13.5,5.4,182.8,1011.5,83.8,18.3,40.1,3.4,2,,2020-10-29T05:55:17,2020-10-29T16:17:16,obs
"44.01777778,144.2797222",44.018,144.28,2020-10-30,10,6.2,7.8,10,2.7,5.1,4.3,78.7,3,100,8.33,rain,0,0,,38.9,38.9,20,7.6,314.9,1011.8,62,17.9,104.2,9,4,,2020-10-30T05:56:36,2020-10-30T16:15:50,obs
"44.01777778,144.2797222",44.018,144.28,2020-10-31,10.3,6.7,8.5,10.3,3.8,6.2,2.7,67,0,0,0,,0,0,,25.9,25.9,15.9,3.6,315.3,1022.7,48.5,18.3,125.6,10.8,5,,2020-10-31T05:57:55,2020-10-31T16:14:26,obs
"44.01777778,144.2797222",44.018,144.28,2020-11-01,13,6.2,10,13,2.9,8.9,3,62.3,0,0,0,,0,0,,22.3,22.3,14.4,5.4,206,1021.7,81.7,20,55,4.8,2,,2020-11-01T05:59:14,2020-11-01T16:13:03,obs
"44.01777778,144.2797222",44.018,144.28,2020-11-02,16.6,9.7,12.8,16.6,8.7,12.8,8.3,74.2,0,0,0,,0,0,,22.3,22.3,10.9,3.6,205,1011.2,67.9,19.7,47.7,4,2,,2020-11-02T06:00:34,2020-11-02T16:11:42,obs
"44.01777778,144.2797222",44.018,144.28,2020-11-03,10.8,5.2,8.5,10.8,2.9,7.4,2.5,66.9,0,0,0,,0,0,,18.4,18.4,9,1.8,328.9,1004.8,52,19.6,131,11.3,5,,2020-11-03T06:01:53,2020-11-03T16:10:22,obs
"44.01777778,144.2797222",44.018,144.28,2020-11-04,6.4,2.7,4.8,3.5,-0.4,1.6,-3.3,56.9,0,0,0,,0,0,37.1,20.5,20.5,14.4,7.6,274.1,1002.1,44.7,19.7,98.2,8.6,4,,2020-11-04T06:03:13,2020-11-04T16:09:04,obs
"44.01777778,144.2797222",44.018,144.28,2020-11-05,11.3,3.2,7.2,11.3,-0.5,5.4,-3.4,48.2,0,0,0,,0,0,,24.1,24.1,13.4,1.8,247.9,1012,24.6,20,128.7,11.2,5,,2020-11-05T06:04:33,2020-11-05T16:07:48,obs
"44.01777778,144.2797222",44.018,144.28,2020-11-06,15.1,3,11.1,15.1,-1,10,0.6,49.4,0,0,0,,0,0,44.6,22.3,22.3,14.6,3.6,208.8,1015.1,51.5,20,67.4,5.9,3,,2020-11-06T06:05:53,2020-11-06T16:06:33,obs
"44.01777778,144.2797222",44.018,144.28,2020-11-07,18.7,8.4,12.5,18.7,6.8,12.3,5.9,66.1,1,100,4.17,rain,0,0,44.6,20.5,20.5,12.3,5.4,233.3,1008.1,70.7,18.5,110.1,9.5,5,,2020-11-07T06:07:13,2020-11-07T16:05:20,obs
"44.01777778,144.2797222",44.018,144.28,2020-11-08,11.7,4.9,8.1,11.7,1.9,6.3,2.2,69.1,1,100,4.17,rain,0,0,,25.9,25.9,14.6,5.4,305.9,1003.8,51.7,17.8,126.4,10.9,5,,2020-11-08T06:08:33,2020-11-08T16:04:08,obs
"44.01777778,144.2797222",44.018,144.28,2020-11-09,5.2,0.7,3.9,2.6,-3.5,0.1,-1.9,67.2,14,100,8.33,rain,0,0,40.7,44.6,44.6,20,5.4,11.7,1004.8,80.9,17.1,43.8,3.7,2,,2020-11-09T06:09:53,2020-11-09T16:02:58,obs
"44.01777778,144.2797222",44.018,144.28,2020-11-10,3.6,0.1,1.3,3.3,-4.9,-2,-2,79.1,7,100,8.33,"rain,snow",0,0,,29.5,29.5,12,3.6,289.1,1013.4,59.8,15.9,79.5,6.9,4,,2020-11-10T06:11:13,2020-11-10T16:01:50,obs
"44.01777778,144.2797222",44.018,144.28,2020-11-11,2.8,-1,0.6,-0.8,-5.9,-3.5,-3.7,73.8,11,100,12.5,"rain,snow",0,0,33.5,20.5,20.5,14.2,7.6,269.5,1025,37.8,15.2,86.5,7.3,3,,2020-11-11T06:12:32,2020-11-11T16:00:44,obs
"44.01777778,144.2797222",44.018,144.28,2020-11-12,7.4,-1.3,2.9,7.4,-5.8,0.4,-4.5,59.1,0,0,0,,0,0,,20.5,20.5,9.6,1.8,204.6,1029.9,18.5,20,121,10.3,5,,2020-11-12T06:13:52,2020-11-12T15:59:40,obs
"44.01777778,144.2797222",44.018,144.28,2020-11-13,10.4,1.6,6,10.4,-1.2,4.2,0.8,70,3,100,4.17,rain,0,0,,18.4,18.4,10.1,1.8,191.9,1019.7,47.5,19.2,61.6,5.3,2,,2020-11-13T06:15:12,2020-11-13T15:58:38,obs
"44.01777778,144.2797222",44.018,144.28,2020-11-14,6.7,3.9,5,4,-0.6,1.7,0,71,2.5,100,8.33,rain,0,0,37.1,27.7,27.7,16.4,7.6,298.3,1019.8,51.8,17.3,98.8,8.5,4,,2020-11-14T06:16:31,2020-11-14T15:57:37,obs
"44.01777778,144.2797222",44.018,144.28,2020-11-15,10.5,0.1,5.7,10.5,-2.1,3.8,-3.3,54.3,0,0,0,,0,0,,18.4,18.4,9.2,3.6,222.4,1021,45.5,20,120.1,10.3,5,,2020-11-15T06:17:50,2020-11-15T15:56:39,obs
"44.01777778,144.2797222",44.018,144.28,2020-11-16,10.1,3.2,7,10.1,-0.9,4.3,0.8,65.6,2,100,4.17,rain,0,0,,25.9,25.9,15.2,3.6,276.8,1013.8,76.4,17.4,79.4,6.9,4,,2020-11-16T06:19:09,2020-11-16T15:55:42,obs
"44.01777778,144.2797222",44.018,144.28,2020-11-17,4.4,-1.5,2.6,2.3,-6.8,-1.2,-5.2,57.3,0,0,0,,0,0,46.4,31.7,31.7,16.3,5.4,294.2,1023.8,45.9,20,111.9,9.8,5,,2020-11-17T06:20:27,2020-11-17T15:54:48,obs
"44.01777778,144.2797222",44.018,144.28,2020-11-18,5.3,1.8,3.7,3.2,-1.3,1.7,-0.2,76.9,0,0,0,,0,0,,13,13,8.3,3.6,343.8,1020.9,92.5,18.4,67.2,6,3,,2020-11-18T06:21:45,2020-11-18T15:53:56,obs
"44.01777778,144.2797222",44.018,144.28,2020-11-19,6.7,1.7,3,3.4,-1.8,0,1.3,88.3,4,100,8.33,rain,0,0,,22.3,22.3,11.9,5.4,79.1,1018.2,93.1,14.9,15.5,1.5,1,,2020-11-19T06:23:02,2020-11-19T15:53:05,obs
"44.01777778,144.2797222",44.018,144.28,2020-11-20,11.4,4.7,7.3,11.4,-0.2,4.1,5.5,88.2,4,100,8.33,rain,0,0,,31.7,31.7,21.3,7.6,316.4,1002.1,91.9,14.4,33.6,3,2,,2020-11-20T06:24:19,2020-11-20T15:52:17,obs
"44.01777778,144.2797222",44.018,144.28,2020-11-21,5.1,1.7,4.2,1.8,-1.6,0.2,0.7,77.9,3.5,100,12.5,rain,0,0,40.7,31.7,31.7,20.4,7.6,14.2,1015.3,71.7,15.8,40.7,3.5,2,,2020-11-21T06:25:36,2020-11-21T15:51:32,obs
"44.01777778,144.2797222",44.018,144.28,2020-11-22,7.7,1.4,3.5,6,-3,0.2,-0.3,76.3,0,0,0,,0,0,,24.1,24.1,14.3,7.6,270.6,1014,84.4,19.6,37.2,3.1,2,,2020-11-22T06:26:52,2020-11-22T15:50:48,obs
"44.01777778,144.2797222",44.018,144.28,2020-11-23,2.1,-0.9,0.5,0.5,-5,-3.4,-5.7,63.4,0,0,0,,0,0,,20.5,20.5,14.1,3.6,309.3,1012.1,64.5,17.6,77.2,6.8,3,,2020-11-23T06:28:07,2020-11-23T15:50:07,obs
"44.01777778,144.2797222",44.018,144.28,2020-11-24,3.9,-0.6,1.3,0.5,-5.5,-2.5,-5.8,60,0,0,0,,0,0,42.5,22.3,22.3,14.1,7.6,262.7,1017.2,38.4,19.4,99.9,8.6,4,,2020-11-24T06:29:21,2020-11-24T15:49:28,obs
"44.01777778,144.2797222",44.018,144.28,2020-11-25,5.9,0.4,2.7,4.1,-4.2,-0.5,-5.7,53.7,0,0,0,,0,0,,18.4,18.4,12.7,3.6,221.4,1020.8,74.7,20,74.3,6.4,3,,2020-11-25T06:30:35,2020-11-25T15:48:51,obs
"44.01777778,144.2797222",44.018,144.28,2020-11-26,4.3,-1.1,1.9,1.8,-4.8,-1.9,-3.4,68.7,2,100,4.17,"rain,snow",0,0,42.5,25.9,25.9,15.1,5.4,269.8,1014.9,58.1,18,75.7,6.4,4,,2020-11-26T06:31:47,2020-11-26T15:48:17,obs
"44.01777778,144.2797222",44.018,144.28,2020-11-27,1.4,-1.6,0.1,1.1,-4.7,-1.7,-4.4,72.1,0,0,0,,0,0,,11.2,11.2,6.1,1.8,179.7,1018.8,46.9,19.5,68.2,6,3,,2020-11-27T06:32:59,2020-11-27T15:47:45,obs
"44.01777778,144.2797222",44.018,144.28,2020-11-28,2.3,-1.6,0.4,1.1,-4.5,-1.8,-3.5,75.1,0,0,0,,0,0,,11.2,11.2,7.6,3.6,310.4,1013.4,81.7,18.1,39,3.3,2,,2020-11-28T06:34:10,2020-11-28T15:47:15,obs
"44.01777778,144.2797222",44.018,144.28,2020-11-29,2.9,-5,0.2,1.5,-8.2,-2.8,-3.7,76,0.5,100,4.17,"rain,snow",0,0,,14.8,14.8,9.2,3.6,288.8,1017.2,50.1,19.7,86.1,7.4,4,,2020-11-29T06:35:20,2020-11-29T15:46:48,obs
"44.01777778,144.2797222",44.018,144.28,2020-11-30,3,-1.6,-0.4,0.1,-4.8,-3,-3.6,79.2,0.5,100,4.17,"rain,snow",0,0,,14.8,14.8,8.2,3.6,267.5,1020.5,46.2,18.8,73,6.3,4,,2020-11-30T06:36:29,2020-11-30T15:46:23,obs
"44.01777778,144.2797222",44.018,144.28,2020-12-01,-0.4,-3.6,-2.2,-4.2,-8.2,-6.2,-6.2,74.4,0.5,100,4.17,"rain,snow",0,0,,18.4,18.4,11.4,5.4,273.3,1021.6,50.3,18.2,65.5,5.6,3,,2020-12-01T06:37:36,2020-12-01T15:46:01,obs
"44.01777778,144.2797222",44.018,144.28,2020-12-02,0.1,-5.1,-2.4,-2.3,-9.8,-5.5,-8.5,63,0,0,0,,0,0,,11.2,11.2,8.3,5.4,253.2,1022.3,46.8,19,80.6,6.9,4,,2020-12-02T06:38:43,2020-12-02T15:45:41,obs
"44.01777778,144.2797222",44.018,144.28,2020-12-03,1.1,-2.8,-1.1,1.1,-8.3,-4.1,-6.6,66.3,2,100,4.17,snow,0,0,,22.3,22.3,9.7,3.6,253.8,1014.7,75.5,18.5,57,5,3,,2020-12-03T06:39:48,2020-12-03T15:45:24,obs
"44.01777778,144.2797222",44.018,144.28,2020-12-04,0.3,-3.3,-1.8,-0.4,-7.4,-5,-7.6,64.9,0,0,0,,0,0,,14.8,14.8,8.7,3.6,252.7,1016.1,31.2,20,66.7,5.7,3,,2020-12-04T06:40:52,2020-12-04T15:45:10,obs
"44.01777778,144.2797222",44.018,144.28,2020-12-05,4.9,-2.4,1,4.2,-7.7,-2.5,-6.7,56.7,0,0,0,,0,0,,18.4,18.4,12.5,3.6,232.1,1018.3,27.8,20,74.6,6.5,4,,2020-12-05T06:41:54,2020-12-05T15:44:57,obs
"44.01777778,144.2797222",44.018,144.28,2020-12-06,2.7,-0.3,1.4,2.1,-2.8,0,-3.1,72.7,0,0,0,,0,0,,11.2,11.2,5.5,1.8,209.1,1021.2,36.7,20,87.4,7.5,4,,2020-12-06T06:42:55,2020-12-06T15:44:48,obs
"44.01777778,144.2797222",44.018,144.28,2020-12-07,2.9,-1.6,0.6,-0.2,-4.5,-2.6,-4.1,71.6,0,0,0,,0,0,,20.5,20.5,11.8,3.6,268.6,1014.5,75.9,19.5,57.3,5,3,,2020-12-07T06:43:54,2020-12-07T15:44:41,obs
"44.01777778,144.2797222",44.018,144.28,2020-12-08,1.1,-3.1,-1.3,-0.4,-7.6,-4.5,-5.2,76.5,0.5,100,4.17,"rain,snow",0,0,,20.5,20.5,10.1,3.6,291,1014,55.1,12.8,77.3,6.7,4,,2020-12-08T06:44:52,2020-12-08T15:44:36,obs
"44.01777778,144.2797222",44.018,144.28,2020-12-09,0.4,-4.3,-2,-0.3,-7.8,-5,-9.9,54.9,0,0,0,,0,0,,16.6,16.6,8.9,3.6,249,1020.7,21.3,20,96,8.2,4,,2020-12-09T06:45:48,2020-12-09T15:44:34,obs
"44.01777778,144.2797222",44.018,144.28,2020-12-10,3.9,-2.8,0.8,2.6,-6.5,-2,-6.1,60.6,0,0,0,,0,0,,20.5,20.5,10.6,3.6,231.2,1016.7,42.3,20,75.3,6.4,4,,2020-12-10T06:46:42,2020-12-10T15:44:35,obs
"44.01777778,144.2797222",44.018,144.28,2020-12-11,5,-5,-0.1,3.7,-8.8,-1.8,-3.6,78.7,0,0,0,,0,0,,11.2,11.2,5.9,1.8,210.3,1014.2,50.7,14.3,81.1,7.2,4,,2020-12-11T06:47:35,2020-12-11T15:44:38,obs
"44.01777778,144.2797222",44.018,144.28,2020-12-12,1.2,-9.2,-2.5,-0.1,-14,-5.3,-4.1,88.1,0.3,100,12.5,"rain,snow",0,0,,16.6,16.6,8,1.8,312.7,1009.7,61.5,12.7,53.9,4.6,2,,2020-12-12T06:48:26,2020-12-12T15:44:44,obs
"44.01777778,144.2797222",44.018,144.28,2020-12-13,-2,-10.6,-5.6,-2,-14.5,-9,-7.5,86.1,5,100,12.5,snow,0,0,,14.8,14.8,8.4,3.6,290.6,1005.3,61.8,10.2,73.1,6.5,4,,2020-12-13T06:49:15,2020-12-13T15:44:52,obs
"44.01777778,144.2797222",44.018,144.28,2020-12-14,-3.7,-10.5,-7.2,-8.4,-15.6,-11.3,-11.1,75,0.5,100,4.17,snow,0,0,,14.8,14.8,9.3,3.6,259.3,1003.2,71,15.8,54.6,4.6,3,,2020-12-14T06:50:02,2020-12-14T15:45:03,obs
"44.01777778,144.2797222",44.018,144.28,2020-12-15,-3.3,-9.1,-6.3,-8.8,-16.4,-12.1,-13.8,56.8,0,0,0,,0,0,42.5,22.3,22.3,15.1,9.4,248.7,1000.3,55.9,19.6,69.3,6,3,,2020-12-15T06:50:47,2020-12-15T15:45:17,obs
"44.01777778,144.2797222",44.018,144.28,2020-12-16,-2.9,-8.1,-5.4,-8.2,-12.8,-10.7,-13.1,54.9,0,0,0,,0,0,,22.3,22.3,14,7.6,269.2,1000.4,43.9,20,72.4,6.2,4,,2020-12-16T06:51:30,2020-12-16T15:45:33,obs
"44.01777778,144.2797222",44.018,144.28,2020-12-17,-3,-7.1,-5.1,-8.4,-11.8,-10.5,-13.1,53.7,0,0,0,,0,0,38.9,24.1,24.1,14.3,7.6,287.3,1004.2,37.6,20,72.1,6.4,4,,2020-12-17T06:52:10,2020-12-17T15:45:51,obs
"44.01777778,144.2797222",44.018,144.28,2020-12-18,-0.9,-9.9,-5.6,-4.7,-15,-9.8,-13.8,53.5,0,0,0,,0,0,44.6,16.6,16.6,10,5.4,252.2,1009.3,36.3,20,80.5,7,4,,2020-12-18T06:52:49,2020-12-18T15:46:12,obs
"44.01777778,144.2797222",44.018,144.28,2020-12-19,-6.1,-9.5,-7.6,-10.9,-16.4,-13.9,-14.5,58.3,0,0,0,,0,0,55.4,20.5,20.5,16.1,7.6,266.9,1005.7,47.7,18.8,69.3,6,3,,2020-12-19T06:53:26,2020-12-19T15:46:35,obs
"44.01777778,144.2797222",44.018,144.28,2020-12-20,-3.9,-8.8,-6.1,-10.4,-15.3,-12.6,-11.5,66.3,4.5,100,8.33,snow,0,0,66.6,33.5,33.5,19.9,9.4,304.1,1011.5,69,10.5,43.3,3.7,2,,2020-12-20T06:54:00,2020-12-20T15:47:01,obs
"44.01777778,144.2797222",44.018,144.28,2020-12-21,-3.9,-8.9,-6.5,-5.2,-16.6,-11.3,-12.9,60.7,0,0,0,,0,0,38.9,20.5,20.5,11.6,3.6,239.9,1013,36.7,19.3,61.6,5.4,3,,2020-12-21T06:54:32,2020-12-21T15:47:29,obs
"44.01777778,144.2797222",44.018,144.28,2020-12-22,-0.3,-9,-3.7,-1.8,-14.4,-6.6,-8.9,67.5,0,0,0,,0,0,,18.4,18.4,7.7,1.8,206.7,1016.2,31.3,16.6,89.7,7.9,4,,2020-12-22T06:55:02,2020-12-22T15:48:00,obs
"44.01777778,144.2797222",44.018,144.28,2020-12-23,1.1,-10.2,-2.9,1.1,-15.9,-6,-6.4,77.7,0,0,0,,0,0,,20.5,20.5,9,0,228.7,1013.8,55.7,15.1,77.6,6.5,4,,2020-12-23T06:55:29,2020-12-23T15:48:33,obs
"44.01777778,144.2797222",44.018,144.28,2020-12-24,3.9,-8.4,-2.2,1.9,-13.1,-4.9,-4,88.2,0,0,0,,0,0,,22.3,22.3,8.1,1.8,228.4,1004,72.9,9.3,32.4,2.6,2,,2020-12-24T06:55:54,2020-12-24T15:49:08,obs
"44.01777778,144.2797222",44.018,144.28,2020-12-25,1,-9.6,-3.1,0.1,-14.2,-6.5,-5.5,84.5,1,100,4.17,snow,0,0,35.3,24.1,24.1,9.7,3.6,303,1000.1,53.7,9.4,50.9,4.3,3,,2020-12-25T06:56:17,2020-12-25T15:49:46,obs
"44.01777778,144.2797222",44.018,144.28,2020-12-26,-3,-13.8,-7.1,-6.4,-21,-12.6,-11.2,74.8,2,100,4.17,snow,0,0,48.2,35.3,35.3,13.7,5.4,295.4,1007.4,45.3,10.1,65.5,5.6,3,,2020-12-26T06:56:37,2020-12-26T15:50:26,obs
"44.01777778,144.2797222",44.018,144.28,2020-12-27,-5.5,-15.8,-10.8,-9.6,-23.1,-16.3,-14.4,75.5,0,0,0,,0,0,,20.5,20.5,11.3,3.6,263.8,1018.4,36.2,12.5,85.1,7.3,4,,2020-12-27T06:56:55,2020-12-27T15:51:07,obs
"44.01777778,144.2797222",44.018,144.28,2020-12-28,-4.9,-14,-9.5,-5.7,-21.1,-12.9,-11.7,84.6,0,0,0,,0,0,,13,13,7,1.9,267.8,1017.7,64.6,13,58.2,5.1,3,,2020-12-28T06:57:11,2020-12-28T15:51:52,obs
"44.01777778,144.2797222",44.018,144.28,2020-12-29,-3.1,-16,-9.7,-7.8,-22.1,-14.4,-12.2,83.1,2,100,4.17,snow,0,0,38.9,18.3,18.3,9.9,3.8,281.3,1013.7,53.4,11.3,81.4,7,4,,2020-12-29T06:57:24,2020-12-29T15:52:38,obs
"44.01777778,144.2797222",44.018,144.28,2020-12-30,-7.3,-14.3,-9.5,-9,-21.4,-15.2,-11.6,84.9,4,100,8.33,snow,0,0,,31.7,31.7,13.3,1.8,353.5,1000.9,88.9,4.4,24,2,1,,2020-12-30T06:57:34,2020-12-30T15:53:26,obs
"44.01777778,144.2797222",44.018,144.28,2020-12-31,-5.1,-14.3,-9.9,-11.1,-21.7,-16.5,-15.1,68.1,1,100,8.33,snow,0,0,,24.1,24.1,14.9,7.8,276.5,997.4,51.2,11.4,48.5,4.2,2,,2020-12-31T06:57:42,2020-12-31T15:54:16,obs
